departamento,municipio,year,rendimiento_real,prediccion_modelo,modelo,r2_loyo_modelo,rmse_loyo_modelo
Narino,LA UNION,2007,1900.0,1237.8911091628465,RidgeCV,0.2595125482623466,220.3060226205972
Narino,SAN LORENZO,2007,1510.0,1164.3876580989415,RidgeCV,0.2595125482623466,220.3060226205972
Narino,COLON,2007,1500.0,1193.0286579962562,RidgeCV,0.2595125482623466,220.3060226205972
Narino,BUESACO,2007,950.0,1073.6489150614316,RidgeCV,0.2595125482623466,220.3060226205972
Narino,CONSACA,2007,1000.0,1109.3867998890544,RidgeCV,0.2595125482623466,220.3060226205972
Narino,ALBAN,2007,1430.0,1224.9646401826426,RidgeCV,0.2595125482623466,220.3060226205972
Narino,SANDONA,2007,1500.0,1137.520879434204,RidgeCV,0.2595125482623466,220.3060226205972
Narino,TAMINANGO,2007,930.0,1067.0589504832885,RidgeCV,0.2595125482623466,220.3060226205972
Narino,SAMANIEGO,2007,1000.0,886.5953051125981,RidgeCV,0.2595125482623466,220.3060226205972
Narino,LA FLORIDA,2007,1200.0,1171.4845430292498,RidgeCV,0.2595125482623466,220.3060226205972
Narino,ARBOLEDA,2007,1200.0,1043.859889660685,RidgeCV,0.2595125482623466,220.3060226205972
Narino,LOS ANDES,2007,1000.0,838.4378716569363,RidgeCV,0.2595125482623466,220.3060226205972
Narino,SAN PABLO,2007,1700.0,1185.171392537701,RidgeCV,0.2595125482623466,220.3060226205972
Narino,LINARES,2007,1200.0,1054.8928620313318,RidgeCV,0.2595125482623466,220.3060226205972
Narino,EL TABLON,2007,1090.0,1104.0641361913233,RidgeCV,0.2595125482623466,220.3060226205972
Narino,LEIVA,2007,1200.0,1034.1091275925726,RidgeCV,0.2595125482623466,220.3060226205972
Narino,EL ROSARIO,2007,700.0,915.4897651859951,RidgeCV,0.2595125482623466,220.3060226205972
Narino,EL TAMBO,2007,1000.0,957.0572340635136,RidgeCV,0.2595125482623466,220.3060226205972
Narino,CHACHAGUI,2007,980.0,982.4032516717567,RidgeCV,0.2595125482623466,220.3060226205972
Narino,EL PEÑOL,2007,1000.0,1019.7066258222414,RidgeCV,0.2595125482623466,220.3060226205972
Narino,SAN PEDRO DE CARTAGO,2007,1300.0,1082.2665610482343,RidgeCV,0.2595125482623466,220.3060226205972
Narino,ANCUYA,2007,1130.0,907.3790395513574,RidgeCV,0.2595125482623466,220.3060226205972
Narino,SAN BERNARDO,2007,860.0,1038.6714107620562,RidgeCV,0.2595125482623466,220.3060226205972
Narino,PASTO,2007,1440.0,1207.9828083851196,RidgeCV,0.2595125482623466,220.3060226205972
Narino,POLICARPA,2007,700.0,870.3738538433225,RidgeCV,0.2595125482623466,220.3060226205972
Narino,SANTACRUZ,2007,1200.0,1002.6800657583511,RidgeCV,0.2595125482623466,220.3060226205972
Narino,YACUANQUER,2007,980.0,1086.3219238655531,RidgeCV,0.2595125482623466,220.3060226205972
Narino,GUAITARILLA,2007,890.0,885.5814644082684,RidgeCV,0.2595125482623466,220.3060226205972
Narino,PROVIDENCIA,2007,900.0,951.9880305418651,RidgeCV,0.2595125482623466,220.3060226205972
Narino,LA CRUZ,2007,800.0,1050.837499214013,RidgeCV,0.2595125482623466,220.3060226205972
Narino,CUMBITARA,2007,800.0,966.0327061812562,RidgeCV,0.2595125482623466,220.3060226205972
Narino,MALLAMA,2007,650.0,941.3427031464031,RidgeCV,0.2595125482623466,220.3060226205972
Narino,LA LLANADA,2007,1500.0,1140.5624015471933,RidgeCV,0.2595125482623466,220.3060226205972
Narino,BELEN,2007,900.0,1029.5468444230887,RidgeCV,0.2595125482623466,220.3060226205972
Narino,TANGUA,2007,500.0,949.9603491332057,RidgeCV,0.2595125482623466,220.3060226205972
Narino,FUNES,2007,1100.0,1032.588366536078,RidgeCV,0.2595125482623466,220.3060226205972
Narino,NARIÑO,2007,1100.0,923.0935704684681,RidgeCV,0.2595125482623466,220.3060226205972
Narino,LA UNION,2008,1650.0,1203.7457773889992,RidgeCV,0.2595125482623466,220.3060226205972
Narino,SAN LORENZO,2008,1300.0,1129.308121682505,RidgeCV,0.2595125482623466,220.3060226205972
Narino,COLON,2008,1500.0,1158.3131392508976,RidgeCV,0.2595125482623466,220.3060226205972
Narino,BUESACO,2008,1000.0,1037.4161191206954,RidgeCV,0.2595125482623466,220.3060226205972
Narino,CONSACA,2008,1400.0,1073.6082206883357,RidgeCV,0.2595125482623466,220.3060226205972
Narino,ALBAN,2008,1400.0,1190.6550172475122,RidgeCV,0.2595125482623466,220.3060226205972
Narino,SANDONA,2008,1120.0,1102.0998751139246,RidgeCV,0.2595125482623466,220.3060226205972
Narino,TAMINANGO,2008,850.0,1030.7423982642513,RidgeCV,0.2595125482623466,220.3060226205972
Narino,LA FLORIDA,2008,700.0,1136.4952056817529,RidgeCV,0.2595125482623466,220.3060226205972
Narino,SAMANIEGO,2008,760.0,847.9851194262383,RidgeCV,0.2595125482623466,220.3060226205972
Narino,ARBOLEDA,2008,1320.0,1007.2484850230129,RidgeCV,0.2595125482623466,220.3060226205972
Narino,LOS ANDES,2008,1020.0,799.2156208599146,RidgeCV,0.2595125482623466,220.3060226205972
Narino,EL ROSARIO,2008,700.0,877.2468185660324,RidgeCV,0.2595125482623466,220.3060226205972
Narino,SAN PABLO,2008,1200.0,1150.356010537445,RidgeCV,0.2595125482623466,220.3060226205972
Narino,EL TABLON,2008,1000.0,1068.2179076888997,RidgeCV,0.2595125482623466,220.3060226205972
Narino,LINARES,2008,1200.0,1018.4216828369692,RidgeCV,0.2595125482623466,220.3060226205972
Narino,EL TAMBO,2008,1000.0,919.3425962759118,RidgeCV,0.2595125482623466,220.3060226205972
Narino,LEIVA,2008,1200.0,997.3737939820296,RidgeCV,0.2595125482623466,220.3060226205972
Narino,CHACHAGUI,2008,1000.0,945.0107534160821,RidgeCV,0.2595125482623466,220.3060226205972
Narino,EL PEÑOL,2008,1000.0,982.7882411600269,RidgeCV,0.2595125482623466,220.3060226205972
Narino,SAN PEDRO DE CARTAGO,2008,1300.0,1046.1432925483532,RidgeCV,0.2595125482623466,220.3060226205972
Narino,ANCUYA,2008,500.0,869.033008281178,RidgeCV,0.2595125482623466,220.3060226205972
Narino,PASTO,2008,1400.0,1173.4573519635983,RidgeCV,0.2595125482623466,220.3060226205972
Narino,SAN BERNARDO,2008,1000.0,1001.9940622672602,RidgeCV,0.2595125482623466,220.3060226205972
Narino,POLICARPA,2008,1000.0,831.5574988565292,RidgeCV,0.2595125482623466,220.3060226205972
Narino,CUMBITARA,2008,1000.0,928.432143686725,RidgeCV,0.2595125482623466,220.3060226205972
Narino,SANTACRUZ,2008,800.0,965.5452791282183,RidgeCV,0.2595125482623466,220.3060226205972
Narino,YACUANQUER,2008,1100.0,1050.2501976907806,RidgeCV,0.2595125482623466,220.3060226205972
Narino,GUAITARILLA,2008,650.0,846.9583931406314,RidgeCV,0.2595125482623466,220.3060226205972
Narino,LA CRUZ,2008,800.0,1014.314777694542,RidgeCV,0.2595125482623466,220.3060226205972
Narino,LA LLANADA,2008,1500.0,1105.1800539707451,RidgeCV,0.2595125482623466,220.3060226205972
Narino,FUNES,2008,1140.0,995.8337045536194,RidgeCV,0.2595125482623466,220.3060226205972
Narino,MALLAMA,2008,1000.0,903.4283388490062,RidgeCV,0.2595125482623466,220.3060226205972
Narino,PROVIDENCIA,2008,800.0,914.2089648478777,RidgeCV,0.2595125482623466,220.3060226205972
Narino,NARIÑO,2008,1000.0,884.9472657080835,RidgeCV,0.2595125482623466,220.3060226205972
Narino,BELEN,2008,900.0,992.753525696799,RidgeCV,0.2595125482623466,220.3060226205972
Narino,TANGUA,2008,500.0,912.1555122766641,RidgeCV,0.2595125482623466,220.3060226205972
Narino,IMUES,2008,1080.0,1015.1548264736749,RidgeCV,0.2595125482623466,220.3060226205972
Narino,LA UNION,2009,1150.0,1239.2300490278674,RidgeCV,0.2595125482623466,220.3060226205972
Narino,SAN LORENZO,2009,1000.0,1165.5766536451033,RidgeCV,0.2595125482623466,220.3060226205972
Narino,COLON,2009,1120.0,1194.2760801218355,RidgeCV,0.2595125482623466,220.3060226205972
Narino,BUESACO,2009,700.0,1074.6528069312087,RidgeCV,0.2595125482623466,220.3060226205972
Narino,CONSACA,2009,1200.0,1110.4635957207595,RidgeCV,0.2595125482623466,220.3060226205972
Narino,SAMANIEGO,2009,700.0,887.2176145433476,RidgeCV,0.2595125482623466,220.3060226205972
Narino,SANDONA,2009,1500.0,1138.655067746576,RidgeCV,0.2595125482623466,220.3060226205972
Narino,ALBAN,2009,1500.0,1226.2772105295192,RidgeCV,0.2595125482623466,220.3060226205972
Narino,TAMINANGO,2009,1300.0,1068.0493990693058,RidgeCV,0.2595125482623466,220.3060226205972
Narino,ARBOLEDA,2009,1000.0,1044.8030130215207,RidgeCV,0.2595125482623466,220.3060226205972
Narino,LA FLORIDA,2009,1200.0,1172.688015957922,RidgeCV,0.2595125482623466,220.3060226205972
Narino,LOS ANDES,2009,620.0,838.9619417063643,RidgeCV,0.2595125482623466,220.3060226205972
Narino,EL ROSARIO,2009,1000.0,916.1710182455374,RidgeCV,0.2595125482623466,220.3060226205972
Narino,SAN PABLO,2009,1000.0,1186.4027861326435,RidgeCV,0.2595125482623466,220.3060226205972
Narino,EL TABLON,2009,1000.0,1105.1300739861456,RidgeCV,0.2595125482623466,220.3060226205972
Narino,LINARES,2009,910.0,1055.858492247331,RidgeCV,0.2595125482623466,220.3060226205972
Narino,EL TAMBO,2009,660.0,957.8232832206177,RidgeCV,0.2595125482623466,220.3060226205972
Narino,LEIVA,2009,1200.0,1035.032359759791,RidgeCV,0.2595125482623466,220.3060226205972
Narino,CHACHAGUI,2009,500.0,983.2210057663984,RidgeCV,0.2595125482623466,220.3060226205972
Narino,EL PEÑOL,2009,1000.0,1020.6004774190709,RidgeCV,0.2595125482623466,220.3060226205972
Narino,SAN PEDRO DE CARTAGO,2009,1200.0,1083.2880325967742,RidgeCV,0.2595125482623466,220.3060226205972
Narino,SAN BERNARDO,2009,900.0,1039.6039498180314,RidgeCV,0.2595125482623466,220.3060226205972
Narino,PASTO,2009,1420.0,1209.260736423846,RidgeCV,0.2595125482623466,220.3060226205972
Narino,POLICARPA,2009,200.0,870.9630721140479,RidgeCV,0.2595125482623466,220.3060226205972
Narino,ANCUYA,2009,200.0,908.0437470308877,RidgeCV,0.2595125482623466,220.3060226205972
Narino,CUMBITARA,2009,1000.0,966.8170649691824,RidgeCV,0.2595125482623466,220.3060226205972
Narino,SANTACRUZ,2009,700.0,1003.5391838030229,RidgeCV,0.2595125482623466,220.3060226205972
Narino,YACUANQUER,2009,900.0,1087.351668204099,RidgeCV,0.2595125482623466,220.3060226205972
Narino,GUAITARILLA,2009,600.0,886.2017056415164,RidgeCV,0.2595125482623466,220.3060226205972
Narino,LA CRUZ,2009,800.0,1051.7948566400062,RidgeCV,0.2595125482623466,220.3060226205972
Narino,LA LLANADA,2009,1000.0,1141.7027944520696,RidgeCV,0.2595125482623466,220.3060226205972
Narino,FUNES,2009,1090.0,1033.508496407044,RidgeCV,0.2595125482623466,220.3060226205972
Narino,MALLAMA,2009,1200.0,942.0766952422338,RidgeCV,0.2595125482623466,220.3060226205972
Narino,NARIÑO,2009,380.0,923.7903350092716,RidgeCV,0.2595125482623466,220.3060226205972
Narino,BELEN,2009,900.0,1030.4607697015504,RidgeCV,0.2595125482623466,220.3060226205972
Narino,TANGUA,2009,900.0,950.7119209077991,RidgeCV,0.2595125482623466,220.3060226205972
Narino,PROVIDENCIA,2009,800.0,952.7437387114616,RidgeCV,0.2595125482623466,220.3060226205972
Narino,IMUES,2009,900.0,1052.6260548324135,RidgeCV,0.2595125482623466,220.3060226205972
Narino,CUMBAL,2009,700.0,639.4374333867115,RidgeCV,0.2595125482623466,220.3060226205972
Narino,LA UNION,2010,1200.0,1253.783496155832,RidgeCV,0.2595125482623466,220.3060226205972
Narino,COLON,2010,980.0,1206.983274646036,RidgeCV,0.2595125482623466,220.3060226205972
Narino,SAN LORENZO,2010,1100.0,1177.105167128483,RidgeCV,0.2595125482623466,220.3060226205972
Narino,BUESACO,2010,1000.0,1082.4470919843764,RidgeCV,0.2595125482623466,220.3060226205972
Narino,CONSACA,2010,900.0,1119.7286243735357,RidgeCV,0.2595125482623466,220.3060226205972
Narino,SAMANIEGO,2010,700.0,887.3139650113296,RidgeCV,0.2595125482623466,220.3060226205972
Narino,ALBAN,2010,1500.0,1240.2986865682637,RidgeCV,0.2595125482623466,220.3060226205972
Narino,SANDONA,2010,1200.0,1149.0779158288315,RidgeCV,0.2595125482623466,220.3060226205972
Narino,ARBOLEDA,2010,700.0,1051.3713716199456,RidgeCV,0.2595125482623466,220.3060226205972
Narino,EL ROSARIO,2010,900.0,917.4564805600116,RidgeCV,0.2595125482623466,220.3060226205972
Narino,LA FLORIDA,2010,1200.0,1184.508592000089,RidgeCV,0.2595125482623466,220.3060226205972
Narino,TAMINANGO,2010,1800.0,1075.5724831750279,RidgeCV,0.2595125482623466,220.3060226205972
Narino,SAN PABLO,2010,1200.0,1198.7866256810437,RidgeCV,0.2595125482623466,220.3060226205972
Narino,EL TABLON,2010,1000.0,1114.176055719831,RidgeCV,0.2595125482623466,220.3060226205972
Narino,LINARES,2010,970.0,1062.880897680846,RidgeCV,0.2595125482623466,220.3060226205972
Narino,LOS ANDES,2010,500.0,837.0764390968595,RidgeCV,0.2595125482623466,220.3060226205972
Narino,LEIVA,2010,1200.0,1041.1994391282851,RidgeCV,0.2595125482623466,220.3060226205972
Narino,EL TAMBO,2010,600.0,960.8193976651331,RidgeCV,0.2595125482623466,220.3060226205972
Narino,EL PEÑOL,2010,1050.0,1026.1748415947316,RidgeCV,0.2595125482623466,220.3060226205972
Narino,CHACHAGUI,2010,1000.0,987.2602007780122,RidgeCV,0.2595125482623466,220.3060226205972
Narino,POLICARPA,2010,440.0,870.3918510190871,RidgeCV,0.2595125482623466,220.3060226205972
Narino,SAN PEDRO DE CARTAGO,2010,1000.0,1091.4369650427552,RidgeCV,0.2595125482623466,220.3060226205972
Narino,PASTO,2010,1500.0,1222.5833484826348,RidgeCV,0.2595125482623466,220.3060226205972
Narino,ANCUYA,2010,1200.0,908.9954235638904,RidgeCV,0.2595125482623466,220.3060226205972
Narino,CUMBITARA,2010,900.0,970.1825526498114,RidgeCV,0.2595125482623466,220.3060226205972
Narino,SANTACRUZ,2010,1500.0,1008.4128432683152,RidgeCV,0.2595125482623466,220.3060226205972
Narino,YACUANQUER,2010,1200.0,1095.667493540816,RidgeCV,0.2595125482623466,220.3060226205972
Narino,GUAITARILLA,2010,610.0,886.2563328868146,RidgeCV,0.2595125482623466,220.3060226205972
Narino,SAN BERNARDO,2010,900.0,1045.9587836886035,RidgeCV,0.2595125482623466,220.3060226205972
Narino,LA CRUZ,2010,800.0,1058.6503691827852,RidgeCV,0.2595125482623466,220.3060226205972
Narino,FUNES,2010,1300.0,1039.6129909415124,RidgeCV,0.2595125482623466,220.3060226205972
Narino,LA LLANADA,2010,1000.0,1152.2508122023767,RidgeCV,0.2595125482623466,220.3060226205972
Narino,MALLAMA,2010,1000.0,944.4260997351482,RidgeCV,0.2595125482623466,220.3060226205972
Narino,TANGUA,2010,910.0,953.4159727935271,RidgeCV,0.2595125482623466,220.3060226205972
Narino,NARIÑO,2010,900.0,925.3887214938754,RidgeCV,0.2595125482623466,220.3060226205972
Narino,BELEN,2010,1280.0,1036.440094567967,RidgeCV,0.2595125482623466,220.3060226205972
Narino,PROVIDENCIA,2010,800.0,955.5312370425573,RidgeCV,0.2595125482623466,220.3060226205972
Narino,IPIALES,2010,1300.0,1261.7157370896957,RidgeCV,0.2595125482623466,220.3060226205972
Narino,IMUES,2010,1050.0,1059.5157045573885,RidgeCV,0.2595125482623466,220.3060226205972
Narino,CUMBAL,2010,700.0,629.3574898420825,RidgeCV,0.2595125482623466,220.3060226205972
Narino,RICAURTE,2010,700.0,872.0840624183114,RidgeCV,0.2595125482623466,220.3060226205972
Narino,COLON,2011,1000.0,1022.4409599881067,RidgeCV,0.2595125482623466,220.3060226205972
Narino,LA UNION,2011,1200.0,1070.4424254422104,RidgeCV,0.2595125482623466,220.3060226205972
Narino,SAN LORENZO,2011,1000.0,991.7959566191026,RidgeCV,0.2595125482623466,220.3060226205972
Narino,BUESACO,2011,1000.0,894.7082468305769,RidgeCV,0.2595125482623466,220.3060226205972
Narino,SAMANIEGO,2011,700.0,694.5665434117719,RidgeCV,0.2595125482623466,220.3060226205972
Narino,CONSACA,2011,1000.0,932.946702361812,RidgeCV,0.2595125482623466,220.3060226205972
Narino,EL ROSARIO,2011,800.0,725.4827415008556,RidgeCV,0.2595125482623466,220.3060226205972
Narino,ALBAN,2011,1500.0,1056.6114947181466,RidgeCV,0.2595125482623466,220.3060226205972
Narino,ARBOLEDA,2011,700.0,862.8348909059179,RidgeCV,0.2595125482623466,220.3060226205972
Narino,TAMINANGO,2011,1000.0,887.6571841085051,RidgeCV,0.2595125482623466,220.3060226205972
Narino,SANDONA,2011,700.0,963.0493162906565,RidgeCV,0.2595125482623466,220.3060226205972
Narino,LA FLORIDA,2011,1300.0,999.3894087813338,RidgeCV,0.2595125482623466,220.3060226205972
Narino,EL TABLON,2011,1000.0,927.2516132401385,RidgeCV,0.2595125482623466,220.3060226205972
Narino,LINARES,2011,900.0,874.6398375446803,RidgeCV,0.2595125482623466,220.3060226205972
Narino,LOS ANDES,2011,800.0,643.0395465966325,RidgeCV,0.2595125482623466,220.3060226205972
Narino,LEIVA,2011,1000.0,852.4018704981465,RidgeCV,0.2595125482623466,220.3060226205972
Narino,EL PEÑOL,2011,1000.0,836.9916293453834,RidgeCV,0.2595125482623466,220.3060226205972
Narino,EL TAMBO,2011,400.0,769.9586755939233,RidgeCV,0.2595125482623466,220.3060226205972
Narino,POLICARPA,2011,1000.0,677.2100813266723,RidgeCV,0.2595125482623466,220.3060226205972
Narino,CHACHAGUI,2011,1000.0,797.0781476018915,RidgeCV,0.2595125482623466,220.3060226205972
Narino,SAN PEDRO DE CARTAGO,2011,1000.0,903.9288673132859,RidgeCV,0.2595125482623466,220.3060226205972
Narino,PASTO,2011,1200.0,1038.441448472808,RidgeCV,0.2595125482623466,220.3060226205972
Narino,SAN PABLO,2011,900.0,1014.0339236656365,RidgeCV,0.2595125482623466,220.3060226205972
Narino,ANCUYA,2011,800.0,716.8045104583059,RidgeCV,0.2595125482623466,220.3060226205972
Narino,SANTACRUZ,2011,600.0,818.773725208266,RidgeCV,0.2595125482623466,220.3060226205972
Narino,CUMBITARA,2011,900.0,779.5621592108627,RidgeCV,0.2595125482623466,220.3060226205972
Narino,YACUANQUER,2011,1200.0,908.2679828345609,RidgeCV,0.2595125482623466,220.3060226205972
Narino,GUAITARILLA,2011,700.0,693.4817645314532,RidgeCV,0.2595125482623466,220.3060226205972
Narino,SAN BERNARDO,2011,500.0,857.2833754595807,RidgeCV,0.2595125482623466,220.3060226205972
Narino,LA CRUZ,2011,860.0,870.3007220234055,RidgeCV,0.2595125482623466,220.3060226205972
Narino,LA LLANADA,2011,1000.0,966.3036529316126,RidgeCV,0.2595125482623466,220.3060226205972
Narino,FUNES,2011,880.0,850.7747021776685,RidgeCV,0.2595125482623466,220.3060226205972
Narino,MALLAMA,2011,1000.0,753.1446029489831,RidgeCV,0.2595125482623466,220.3060226205972
Narino,BELEN,2011,1500.0,847.5203655367122,RidgeCV,0.2595125482623466,220.3060226205972
Narino,TANGUA,2011,1000.0,762.3652234316924,RidgeCV,0.2595125482623466,220.3060226205972
Narino,PROVIDENCIA,2011,800.0,764.5347811923298,RidgeCV,0.2595125482623466,220.3060226205972
Narino,IPIALES,2011,1200.0,1078.5782670446008,RidgeCV,0.2595125482623466,220.3060226205972
Narino,CUMBAL,2011,600.0,429.9889745020348,RidgeCV,0.2595125482623466,220.3060226205972
Narino,IMUES,2011,1100.0,871.1882683800299,RidgeCV,0.2595125482623466,220.3060226205972
Narino,NARIÑO,2011,900.0,733.6185831032461,RidgeCV,0.2595125482623466,220.3060226205972
Narino,TUMACO,2011,1000.0,850.7747021776684,RidgeCV,0.2595125482623466,220.3060226205972
Narino,RICAURTE,2011,700.0,678.9457275351823,RidgeCV,0.2595125482623466,220.3060226205972
Narino,EL CHARCO,2011,1000.0,850.7747021776685,RidgeCV,0.2595125482623466,220.3060226205972
Narino,LA UNION,2012,1200.0,1187.8628218332444,RidgeCV,0.2595125482623466,220.3060226205972
Narino,COLON,2012,1200.0,1141.8288718649562,RidgeCV,0.2595125482623466,220.3060226205972
Narino,SAN LORENZO,2012,1180.0,1112.4399659529984,RidgeCV,0.2595125482623466,220.3060226205972
Narino,BUESACO,2012,1200.0,1019.3317507629017,RidgeCV,0.2595125482623466,220.3060226205972
Narino,SAMANIEGO,2012,750.0,827.3935864883448,RidgeCV,0.2595125482623466,220.3060226205972
Narino,SAN PABLO,2012,1200.0,1133.7664286501715,RidgeCV,0.2595125482623466,220.3060226205972
Narino,EL ROSARIO,2012,500.0,857.0425712136828,RidgeCV,0.2595125482623466,220.3060226205972
Narino,CONSACA,2012,1200.0,1056.0028634495043,RidgeCV,0.2595125482623466,220.3060226205972
Narino,SANDONA,2012,760.0,1084.8716117347017,RidgeCV,0.2595125482623466,220.3060226205972
Narino,LA FLORIDA,2012,1200.0,1119.7221727276428,RidgeCV,0.2595125482623466,220.3060226205972
Narino,TAMINANGO,2012,1000.0,1012.5697016150177,RidgeCV,0.2595125482623466,220.3060226205972
Narino,LOS ANDES,2012,400.0,777.9786119461146,RidgeCV,0.2595125482623466,220.3060226205972
Narino,EL PEÑOL,2012,600.0,963.9808597741128,RidgeCV,0.2595125482623466,220.3060226205972
Narino,EL TABLON,2012,1000.0,1050.5412083685208,RidgeCV,0.2595125482623466,220.3060226205972
Narino,SAN PEDRO DE CARTAGO,2012,1200.0,1028.1744304178271,RidgeCV,0.2595125482623466,220.3060226205972
Narino,ALBAN,2012,750.0,1174.5988023508562,RidgeCV,0.2595125482623466,220.3060226205972
Narino,LINARES,2012,900.0,1000.08591857277,RidgeCV,0.2595125482623466,220.3060226205972
Narino,LEIVA,2012,1200.0,978.759455875597,RidgeCV,0.2595125482623466,220.3060226205972
Narino,CHACHAGUI,2012,1000.0,925.7033779460447,RidgeCV,0.2595125482623466,220.3060226205972
Narino,EL TAMBO,2012,500.0,899.6954966080289,RidgeCV,0.2595125482623466,220.3060226205972
Narino,POLICARPA,2012,750.0,810.7485424320146,RidgeCV,0.2595125482623466,220.3060226205972
Narino,YACUANQUER,2012,1200.0,1032.3356914319097,RidgeCV,0.2595125482623466,220.3060226205972
Narino,PASTO,2012,1200.0,1157.1735218543856,RidgeCV,0.2595125482623466,220.3060226205972
Narino,SAN BERNARDO,2012,750.0,983.4408745164399,RidgeCV,0.2595125482623466,220.3060226205972
Narino,SANTACRUZ,2012,300.0,946.5096830164573,RidgeCV,0.2595125482623466,220.3060226205972
Narino,ANCUYA,2012,200.0,848.7200491855178,RidgeCV,0.2595125482623466,220.3060226205972
Narino,CUMBITARA,2012,900.0,908.905346352432,RidgeCV,0.2595125482623466,220.3060226205972
Narino,FUNES,2012,1000.0,977.1989829953161,RidgeCV,0.2595125482623466,220.3060226205972
Narino,LA CRUZ,2012,500.0,995.9246575586875,RidgeCV,0.2595125482623466,220.3060226205972
Narino,LA LLANADA,2012,690.0,1087.9925574952636,RidgeCV,0.2595125482623466,220.3060226205972
Narino,MALLAMA,2012,1000.0,883.5706101784591,RidgeCV,0.2595125482623466,220.3060226205972
Narino,GUAITARILLA,2012,380.0,826.3532712348242,RidgeCV,0.2595125482623466,220.3060226205972
Narino,BELEN,2012,500.0,974.0780372347542,RidgeCV,0.2595125482623466,220.3060226205972
Narino,TANGUA,2012,1000.0,892.4132898333844,RidgeCV,0.2595125482623466,220.3060226205972
Narino,PROVIDENCIA,2012,800.0,894.4939203404257,RidgeCV,0.2595125482623466,220.3060226205972
Narino,IPIALES,2012,1200.0,1195.6651862346491,RidgeCV,0.2595125482623466,220.3060226205972
Narino,CUMBAL,2012,600.0,573.6606961546622,RidgeCV,0.2595125482623466,220.3060226205972
Narino,TUQUERRES,2012,500.0,822.043393755953,RidgeCV,0.2595125482623466,220.3060226205972
Narino,NARIÑO,2012,1000.0,864.8449356150877,RidgeCV,0.2595125482623466,220.3060226205972
Narino,IMUES,2012,1100.0,996.7758245842953,RidgeCV,0.2595125482623466,220.3060226205972
Narino,RICAURTE,2012,750.0,812.4130468376477,RidgeCV,0.2595125482623466,220.3060226205972
Narino,LA UNION,2013,990.0,1096.9610107069655,RidgeCV,0.2595125482623466,220.3060226205972
Narino,SAN LORENZO,2013,1150.0,1015.609884058399,RidgeCV,0.2595125482623466,220.3060226205972
Narino,BUESACO,2013,920.0,915.1833208163757,RidgeCV,0.2595125482623466,220.3060226205972
Narino,COLON,2013,1070.0,1047.3087713387024,RidgeCV,0.2595125482623466,220.3060226205972
Narino,CONSACA,2013,920.0,954.7367996351616,RidgeCV,0.2595125482623466,220.3060226205972
Narino,ALBAN,2013,990.0,1082.6544332618728,RidgeCV,0.2595125482623466,220.3060226205972
Narino,TAMINANGO,2013,610.0,907.8897715306422,RidgeCV,0.2595125482623466,220.3060226205972
Narino,ARBOLEDA,2013,610.0,882.2138378460236,RidgeCV,0.2595125482623466,220.3060226205972
Narino,EL TABLON,2013,760.0,948.8458559812997,RidgeCV,0.2595125482623466,220.3060226205972
Narino,SANDONA,2013,760.0,985.8746446627162,RidgeCV,0.2595125482623466,220.3060226205972
Narino,EL TAMBO,2013,760.0,786.1436026841667,RidgeCV,0.2595125482623466,220.3060226205972
Narino,SAMANIEGO,2013,690.0,708.1587295520927,RidgeCV,0.2595125482623466,220.3060226205972
Narino,LA FLORIDA,2013,1070.0,1023.4644755968814,RidgeCV,0.2595125482623466,220.3060226205972
Narino,SAN PABLO,2013,920.0,1038.612616421097,RidgeCV,0.2595125482623466,220.3060226205972
Narino,LOS ANDES,2013,760.0,654.859715540963,RidgeCV,0.2595125482623466,220.3060226205972
Narino,SAN PEDRO DE CARTAGO,2013,760.0,924.7210391131041,RidgeCV,0.2595125482623466,220.3060226205972
Narino,LEIVA,2013,1110.0,871.4220251019743,RidgeCV,0.2595125482623466,220.3060226205972
Narino,EL ROSARIO,2013,990.0,740.1381379587706,RidgeCV,0.2595125482623466,220.3060226205972
Narino,LINARES,2013,690.0,894.4247574646724,RidgeCV,0.2595125482623466,220.3060226205972
Narino,CHACHAGUI,2013,760.0,814.1957153216035,RidgeCV,0.2595125482623466,220.3060226205972
Narino,POLICARPA,2013,560.0,690.2053774641332,RidgeCV,0.2595125482623466,220.3060226205972
Narino,YACUANQUER,2013,920.0,929.2093771350941,RidgeCV,0.2595125482623466,220.3060226205972
Narino,SAN BERNARDO,2013,1150.0,876.4714053767129,RidgeCV,0.2595125482623466,220.3060226205972
Narino,ANCUYA,2013,920.0,731.1614619147908,RidgeCV,0.2595125482623466,220.3060226205972
Narino,PASTO,2013,760.0,1063.8595177947902,RidgeCV,0.2595125482623466,220.3060226205972
Narino,LA CRUZ,2013,610.0,889.9364194426827,RidgeCV,0.2595125482623466,220.3060226205972
Narino,SANTACRUZ,2013,610.0,836.6374054315528,RidgeCV,0.2595125482623466,220.3060226205972
Narino,FUNES,2013,570.0,869.7388983437282,RidgeCV,0.2595125482623466,220.3060226205972
Narino,GUAITARILLA,2013,610.0,707.0366450465954,RidgeCV,0.2595125482623466,220.3060226205972
Narino,TANGUA,2013,1150.0,778.2890111456845,RidgeCV,0.2595125482623466,220.3060226205972
Narino,PROVIDENCIA,2013,470.0,780.5331801566795,RidgeCV,0.2595125482623466,220.3060226205972
Narino,CUMBITARA,2013,610.0,796.0773508063648,RidgeCV,0.2595125482623466,220.3060226205972
Narino,MALLAMA,2013,760.0,768.751292848956,RidgeCV,0.2595125482623466,220.3060226205972
Narino,TUQUERRES,2013,690.0,702.3880092381057,RidgeCV,0.2595125482623466,220.3060226205972
Narino,ILES,2013,760.0,862.1648279316203,RidgeCV,0.2595125482623466,220.3060226205972
Narino,IMUES,2013,920.0,890.8544885835441,RidgeCV,0.2595125482623466,220.3060226205972
Narino,RICAURTE,2013,1150.0,692.0007126729292,RidgeCV,0.2595125482623466,220.3060226205972
Narino,LA UNION,2014,1070.0,1178.006837663006,RidgeCV,0.2595125482623466,220.3060226205972
Narino,SAN LORENZO,2014,1240.0,1095.7706997149821,RidgeCV,0.2595125482623466,220.3060226205972
Narino,BUESACO,2014,990.0,994.2516052825941,RidgeCV,0.2595125482623466,220.3060226205972
Narino,COLON,2014,1160.0,1127.8144362257638,RidgeCV,0.2595125482623466,220.3060226205972
Narino,EL TABLON,2014,830.0,1028.2803520197074,RidgeCV,0.2595125482623466,220.3060226205972
Narino,ARBOLEDA,2014,660.0,960.9234503900684,RidgeCV,0.2595125482623466,220.3060226205972
Narino,ALBAN,2014,1070.0,1163.5446202997327,RidgeCV,0.2595125482623466,220.3060226205972
Narino,CONSACA,2014,990.0,1034.2353826987023,RidgeCV,0.2595125482623466,220.3060226205972
Narino,TAMINANGO,2014,660.0,986.8787101562195,RidgeCV,0.2595125482623466,220.3060226205972
Narino,SANDONA,2014,830.0,1065.711973430532,RidgeCV,0.2595125482623466,220.3060226205972
Narino,SAMANIEGO,2014,740.0,784.9748128493471,RidgeCV,0.2595125482623466,220.3060226205972
Narino,LA FLORIDA,2014,1160.0,1103.7107406203086,RidgeCV,0.2595125482623466,220.3060226205972
Narino,SAN PABLO,2014,990.0,1119.0236766520095,RidgeCV,0.2595125482623466,220.3060226205972
Narino,LOS ANDES,2014,830.0,731.0959638489177,RidgeCV,0.2595125482623466,220.3060226205972
Narino,EL ROSARIO,2014,1070.0,817.3021222496047,RidgeCV,0.2595125482623466,220.3060226205972
Narino,LEIVA,2014,1200.0,950.0142345243468,RidgeCV,0.2595125482623466,220.3060226205972
Narino,SAN PEDRO DE CARTAGO,2014,830.0,1003.8930835247761,RidgeCV,0.2595125482623466,220.3060226205972
Narino,EL TAMBO,2014,830.0,863.8080761236596,RidgeCV,0.2595125482623466,220.3060226205972
Narino,LINARES,2014,740.0,973.2672114613741,RidgeCV,0.2595125482623466,220.3060226205972
Narino,EL PEÑOL,2014,870.0,933.9006220988314,RidgeCV,0.2595125482623466,220.3060226205972
Narino,CHACHAGUI,2014,830.0,892.1653650712541,RidgeCV,0.2595125482623466,220.3060226205972
Narino,YACUANQUER,2014,990.0,1008.4302497563913,RidgeCV,0.2595125482623466,220.3060226205972
Narino,POLICARPA,2014,600.0,766.8261479228867,RidgeCV,0.2595125482623466,220.3060226205972
Narino,SAN BERNARDO,2014,1240.0,955.1185465349138,RidgeCV,0.2595125482623466,220.3060226205972
Narino,ANCUYA,2014,990.0,808.2277897863746,RidgeCV,0.2595125482623466,220.3060226205972
Narino,PASTO,2014,830.0,1144.5452367048445,RidgeCV,0.2595125482623466,220.3060226205972
Narino,FUNES,2014,620.0,948.3127971874911,RidgeCV,0.2595125482623466,220.3060226205972
Narino,LA CRUZ,2014,660.0,968.7300452297591,RidgeCV,0.2595125482623466,220.3060226205972
Narino,SANTACRUZ,2014,660.0,914.8511962293296,RidgeCV,0.2595125482623466,220.3060226205972
Narino,GUAITARILLA,2014,660.0,783.8405212914433,RidgeCV,0.2595125482623466,220.3060226205972
Narino,TANGUA,2014,1240.0,855.8680352183333,RidgeCV,0.2595125482623466,220.3060226205972
Narino,PROVIDENCIA,2014,500.0,858.1366183341407,RidgeCV,0.2595125482623466,220.3060226205972
Narino,CUMBITARA,2014,660.0,873.8498925627489,RidgeCV,0.2595125482623466,220.3060226205972
Narino,MALLAMA,2014,830.0,846.2265569761512,RidgeCV,0.2595125482623466,220.3060226205972
Narino,TUQUERRES,2014,740.0,779.1413134086993,RidgeCV,0.2595125482623466,220.3060226205972
Narino,ILES,2014,830.0,940.6563291716406,RidgeCV,0.2595125482623466,220.3060226205972
Narino,IMUES,2014,990.0,969.658101958953,RidgeCV,0.2595125482623466,220.3060226205972
Narino,RICAURTE,2014,1240.0,768.6410144155327,RidgeCV,0.2595125482623466,220.3060226205972
Narino,LA UNION,2015,1130.0,1134.4311646589745,RidgeCV,0.2595125482623466,220.3060226205972
Narino,SAN LORENZO,2015,1100.0,1051.0204397324444,RidgeCV,0.2595125482623466,220.3060226205972
Narino,BUESACO,2015,1080.0,948.0513379265902,RidgeCV,0.2595125482623466,220.3060226205972
Narino,COLON,2015,1160.0,1083.521860134851,RidgeCV,0.2595125482623466,220.3060226205972
Narino,EL TABLON,2015,1080.0,982.5661206548095,RidgeCV,0.2595125482623466,220.3060226205972
Narino,ARBOLEDA,2015,1140.0,914.2471536663049,RidgeCV,0.2595125482623466,220.3060226205972
Narino,ALBAN,2015,1110.0,1119.7623819994812,RidgeCV,0.2595125482623466,220.3060226205972
Narino,CONSACA,2015,1070.0,988.606207632248,RidgeCV,0.2595125482623466,220.3060226205972
Narino,TAMINANGO,2015,1090.0,940.5731350021429,RidgeCV,0.2595125482623466,220.3060226205972
Narino,SANDONA,2015,1210.0,1020.5323816558508,RidgeCV,0.2595125482623466,220.3060226205972
Narino,SAMANIEGO,2015,1030.0,735.7854241480416,RidgeCV,0.2595125482623466,220.3060226205972
Narino,LA FLORIDA,2015,1050.0,1059.0738890356956,RidgeCV,0.2595125482623466,220.3060226205972
Narino,SAN PABLO,2015,1100.0,1074.6055412633943,RidgeCV,0.2595125482623466,220.3060226205972
Narino,EL ROSARIO,2015,1100.0,768.5744677398499,RidgeCV,0.2595125482623466,220.3060226205972
Narino,LOS ANDES,2015,1070.0,681.1370181616943,RidgeCV,0.2595125482623466,220.3060226205972
Narino,SAN PEDRO DE CARTAGO,2015,1090.0,957.8305263662523,RidgeCV,0.2595125482623466,220.3060226205972
Narino,EL TAMBO,2015,1050.0,815.7446708017495,RidgeCV,0.2595125482623466,220.3060226205972
Narino,LEIVA,2015,1050.0,903.1821203799052,RidgeCV,0.2595125482623466,220.3060226205972
Narino,LINARES,2015,1060.0,926.7672219108549,RidgeCV,0.2595125482623466,220.3060226205972
Narino,EL PEÑOL,2015,1000.0,886.8383556174249,RidgeCV,0.2595125482623466,220.3060226205972
Narino,CHACHAGUI,2015,1100.0,844.5069897419323,RidgeCV,0.2595125482623466,220.3060226205972
Narino,YACUANQUER,2015,1080.0,962.4324973966817,RidgeCV,0.2595125482623466,220.3060226205972
Narino,POLICARPA,2015,860.0,717.3775400263246,RidgeCV,0.2595125482623466,220.3060226205972
Narino,ANCUYA,2015,1070.0,759.3705256789915,RidgeCV,0.2595125482623466,220.3060226205972
Narino,SAN BERNARDO,2015,1090.0,908.3593377891381,RidgeCV,0.2595125482623466,220.3060226205972
Narino,PASTO,2015,1040.0,1100.4916283095588,RidgeCV,0.2595125482623466,220.3060226205972
Narino,FUNES,2015,990.0,901.4563812434942,RidgeCV,0.2595125482623466,220.3060226205972
Narino,LA CRUZ,2015,1060.0,922.1652508804258,RidgeCV,0.2595125482623466,220.3060226205972
Narino,SANTACRUZ,2015,1040.0,867.5168448940785,RidgeCV,0.2595125482623466,220.3060226205972
Narino,GUAITARILLA,2015,1050.0,734.6349313904343,RidgeCV,0.2595125482623466,220.3060226205972
Narino,TANGUA,2015,1140.0,807.6912214984984,RidgeCV,0.2595125482623466,220.3060226205972
Narino,PROVIDENCIA,2015,1030.0,809.992207013713,RidgeCV,0.2595125482623466,220.3060226205972
Narino,CUMBITARA,2015,950.0,825.9299155088025,RidgeCV,0.2595125482623466,220.3060226205972
Narino,MALLAMA,2015,1000.0,797.9120330588363,RidgeCV,0.2595125482623466,220.3060226205972
Narino,TUQUERRES,2015,1090.0,729.8686042517754,RidgeCV,0.2595125482623466,220.3060226205972
Narino,IMUES,2015,920.0,923.1065631366499,RidgeCV,0.2595125482623466,220.3060226205972
Narino,ILES,2015,850.0,893.6905551296448,RidgeCV,0.2595125482623466,220.3060226205972
Narino,RICAURTE,2015,1070.0,719.2183284384963,RidgeCV,0.2595125482623466,220.3060226205972
Narino,LA UNION,2016,1170.0,1275.3612012399244,RidgeCV,0.2595125482623466,220.3060226205972
Narino,SAN LORENZO,2016,1130.0,1192.048012793401,RidgeCV,0.2595125482623466,220.3060226205972
Narino,BUESACO,2016,1120.0,1089.1993180904522,RidgeCV,0.2595125482623466,220.3060226205972
Narino,COLON,2016,1200.0,1224.511427601874,RidgeCV,0.2595125482623466,220.3060226205972
Narino,EL TABLON,2016,1110.0,1123.67374089591,RidgeCV,0.2595125482623466,220.3060226205972
Narino,ARBOLEDA,2016,1180.0,1055.4346628133421,RidgeCV,0.2595125482623466,220.3060226205972
Narino,ALBAN,2016,1150.0,1260.7095715476048,RidgeCV,0.2595125482623466,220.3060226205972
Narino,CONSACA,2016,1110.0,1129.7067648868651,RidgeCV,0.2595125482623466,220.3060226205972
Narino,TAMINANGO,2016,1130.0,1081.7298598159364,RidgeCV,0.2595125482623466,220.3060226205972
Narino,SANDONA,2016,1250.0,1161.5956059819136,RidgeCV,0.2595125482623466,220.3060226205972
Narino,SAMANIEGO,2016,1060.0,877.1816178368867,RidgeCV,0.2595125482623466,220.3060226205972
Narino,LA FLORIDA,2016,1090.0,1200.0920447813414,RidgeCV,0.2595125482623466,220.3060226205972
Narino,SAN PABLO,2016,1140.0,1215.6055350437973,RidgeCV,0.2595125482623466,220.3060226205972
Narino,EL ROSARIO,2016,1140.0,909.9323195020716,RidgeCV,0.2595125482623466,220.3060226205972
Narino,LOS ANDES,2016,1100.0,822.5971150615785,RidgeCV,0.2595125482623466,220.3060226205972
Narino,EL TAMBO,2016,1090.0,957.0473640028639,RidgeCV,0.2595125482623466,220.3060226205972
Narino,SAN PEDRO DE CARTAGO,2016,1130.0,1098.967071218665,RidgeCV,0.2595125482623466,220.3060226205972
Narino,LEIVA,2016,1090.0,1044.382568443357,RidgeCV,0.2595125482623466,220.3060226205972
Narino,LINARES,2016,1090.0,1067.940090693753,RidgeCV,0.2595125482623466,220.3060226205972
Narino,EL PEÑOL,2016,1040.0,1028.0579152913608,RidgeCV,0.2595125482623466,220.3060226205972
Narino,CHACHAGUI,2016,1130.0,985.7760496740788,RidgeCV,0.2595125482623466,220.3060226205972
Narino,YACUANQUER,2016,1120.0,1103.5636609260596,RidgeCV,0.2595125482623466,220.3060226205972
Narino,POLICARPA,2016,890.0,858.7952590073091,RidgeCV,0.2595125482623466,220.3060226205972
Narino,ANCUYA,2016,1100.0,900.739140087283,RidgeCV,0.2595125482623466,220.3060226205972
Narino,SAN BERNARDO,2016,1130.0,1049.5537318641757,RidgeCV,0.2595125482623466,220.3060226205972
Narino,PASTO,2016,1080.0,1241.4613521478907,RidgeCV,0.2595125482623466,220.3060226205972
Narino,FUNES,2016,1020.0,1042.6588473030843,RidgeCV,0.2595125482623466,220.3060226205972
Narino,LA CRUZ,2016,1090.0,1063.3435009863588,RidgeCV,0.2595125482623466,220.3060226205972
Narino,SANTACRUZ,2016,1070.0,1008.7589982110505,RidgeCV,0.2595125482623466,220.3060226205972
Narino,GUAITARILLA,2016,1090.0,876.0324704100381,RidgeCV,0.2595125482623466,220.3060226205972
Narino,TANGUA,2016,1180.0,949.0033320149238,RidgeCV,0.2595125482623466,220.3060226205972
Narino,PROVIDENCIA,2016,1060.0,951.3016268686209,RidgeCV,0.2595125482623466,220.3060226205972
Narino,CUMBITARA,2016,980.0,967.220698575847,RidgeCV,0.2595125482623466,220.3060226205972
Narino,MALLAMA,2016,1030.0,939.2355788867108,RidgeCV,0.2595125482623466,220.3060226205972
Narino,TUQUERRES,2016,1120.0,871.2717167845226,RidgeCV,0.2595125482623466,220.3060226205972
Narino,IMUES,2016,950.0,1064.2837125174167,RidgeCV,0.2595125482623466,220.3060226205972
Narino,ILES,2016,880.0,1034.902102171856,RidgeCV,0.2595125482623466,220.3060226205972
Narino,RICAURTE,2016,1110.0,860.6338948902669,RidgeCV,0.2595125482623466,220.3060226205972
Narino,LA UNION,2017,1010.0,1267.3135903157386,RidgeCV,0.2595125482623466,220.3060226205972
Narino,SAN LORENZO,2017,1260.0,1188.245467773521,RidgeCV,0.2595125482623466,220.3060226205972
Narino,BUESACO,2017,1010.0,1090.637233738646,RidgeCV,0.2595125482623466,220.3060226205972
Narino,COLON,2017,1100.0,1219.0547706951438,RidgeCV,0.2595125482623466,220.3060226205972
Narino,ARBOLEDA,2017,930.0,1058.5929925947617,RidgeCV,0.2595125482623466,220.3060226205972
Narino,ALBAN,2017,1050.0,1253.4085066962452,RidgeCV,0.2595125482623466,220.3060226205972
Narino,EL TABLON,2017,1520.0,1123.3550775492188,RidgeCV,0.2595125482623466,220.3060226205972
Narino,CONSACA,2017,1100.0,1129.080700216069,RidgeCV,0.2595125482623466,220.3060226205972
Narino,TAMINANGO,2017,670.0,1083.5483675796886,RidgeCV,0.2595125482623466,220.3060226205972
Narino,SANDONA,2017,1260.0,1159.3447057408487,RidgeCV,0.2595125482623466,220.3060226205972
Narino,SAMANIEGO,2017,760.0,889.4224943036239,RidgeCV,0.2595125482623466,220.3060226205972
Narino,LA FLORIDA,2017,1430.0,1195.8796313293215,RidgeCV,0.2595125482623466,220.3060226205972
Narino,SAN PABLO,2017,1030.0,1210.6026610440792,RidgeCV,0.2595125482623466,220.3060226205972
Narino,EL ROSARIO,2017,1010.0,920.504445923668,RidgeCV,0.2595125482623466,220.3060226205972
Narino,EL TAMBO,2017,840.0,965.218832464784,RidgeCV,0.2595125482623466,220.3060226205972
Narino,SAN PEDRO DE CARTAGO,2017,1260.0,1099.9072894849749,RidgeCV,0.2595125482623466,220.3060226205972
Narino,LOS ANDES,2017,760.0,837.6192416035503,RidgeCV,0.2595125482623466,220.3060226205972
Narino,LEIVA,2017,840.0,1048.1040367849014,RidgeCV,0.2595125482623466,220.3060226205972
Narino,LINARES,2017,670.0,1070.4612300554595,RidgeCV,0.2595125482623466,220.3060226205972
Narino,EL PEÑOL,2017,670.0,1032.6111754510714,RidgeCV,0.2595125482623466,220.3060226205972
Narino,YACUANQUER,2017,1010.0,1104.269668659718,RidgeCV,0.2595125482623466,220.3060226205972
Narino,CHACHAGUI,2017,1010.0,992.483702306928,RidgeCV,0.2595125482623466,220.3060226205972
Narino,ANCUYA,2017,1010.0,911.7796875741819,RidgeCV,0.2595125482623466,220.3060226205972
Narino,SAN BERNARDO,2017,760.0,1053.0117133564875,RidgeCV,0.2595125482623466,220.3060226205972
Narino,POLICARPA,2017,670.0,871.9729776046518,RidgeCV,0.2595125482623466,220.3060226205972
Narino,PASTO,2017,840.0,1235.1410439020087,RidgeCV,0.2595125482623466,220.3060226205972
Narino,FUNES,2017,980.0,1046.468144594373,RidgeCV,0.2595125482623466,220.3060226205972
Narino,LA CRUZ,2017,1820.0,1066.0988508807166,RidgeCV,0.2595125482623466,220.3060226205972
Narino,SANTACRUZ,2017,1180.0,1014.295598180643,RidgeCV,0.2595125482623466,220.3060226205972
Narino,GUAITARILLA,2017,970.0,888.3318995099381,RidgeCV,0.2595125482623466,220.3060226205972
Narino,TANGUA,2017,1010.0,957.5846689089838,RidgeCV,0.2595125482623466,220.3060226205972
Narino,PROVIDENCIA,2017,930.0,959.7658584963551,RidgeCV,0.2595125482623466,220.3060226205972
Narino,CUMBITARA,2017,1010.0,974.873804020649,RidgeCV,0.2595125482623466,220.3060226205972
Narino,MALLAMA,2017,840.0,948.3146131626547,RidgeCV,0.2595125482623466,220.3060226205972
Narino,TUQUERRES,2017,840.0,883.8137210789544,RidgeCV,0.2595125482623466,220.3060226205972
Narino,IMUES,2017,1100.0,1066.991155711914,RidgeCV,0.2595125482623466,220.3060226205972
Narino,ILES,2017,1040.0,1039.1066297369941,RidgeCV,0.2595125482623466,220.3060226205972
Narino,RICAURTE,2017,660.0,873.717929274549,RidgeCV,0.2595125482623466,220.3060226205972
Quindio,CALARCA,2007,1260.0,1096.2339736380086,GradBoost,0.29340209209031876,175.45180791596567
Quindio,QUIMBAYA,2007,1400.0,1168.9301793582,GradBoost,0.29340209209031876,175.45180791596567
Quindio,PIJAO,2007,1090.0,967.9278517058361,GradBoost,0.29340209209031876,175.45180791596567
Quindio,FILANDIA,2007,1420.0,1032.237852770741,GradBoost,0.29340209209031876,175.45180791596567
Quindio,CIRCASIA,2007,1270.0,1105.0689154958038,GradBoost,0.29340209209031876,175.45180791596567
Quindio,ARMENIA,2007,1430.0,1158.7333875453064,GradBoost,0.29340209209031876,175.45180791596567
Quindio,CORDOBA,2007,1040.0,931.6769859003142,GradBoost,0.29340209209031876,175.45180791596567
Quindio,BUENAVISTA,2007,1290.0,1037.9574030839149,GradBoost,0.29340209209031876,175.45180791596567
Quindio,MONTENEGRO,2007,1520.0,1126.3775967441177,GradBoost,0.29340209209031876,175.45180791596567
Quindio,GENOVA,2007,950.0,875.8419594643078,GradBoost,0.29340209209031876,175.45180791596567
Quindio,SALENTO,2007,960.0,902.0474015063888,GradBoost,0.29340209209031876,175.45180791596567
Quindio,LA TEBAIDA,2007,1750.0,1267.663241937671,GradBoost,0.29340209209031876,175.45180791596567
Quindio,CALARCA,2008,1190.0,1198.0481542147688,GradBoost,0.29340209209031876,175.45180791596567
Quindio,QUIMBAYA,2008,1330.0,1284.0381103558316,GradBoost,0.29340209209031876,175.45180791596567
Quindio,PIJAO,2008,1030.0,963.4559187024762,GradBoost,0.29340209209031876,175.45180791596567
Quindio,FILANDIA,2008,1340.0,1134.6491890749153,GradBoost,0.29340209209031876,175.45180791596567
Quindio,CIRCASIA,2008,1200.0,1206.5567692130005,GradBoost,0.29340209209031876,175.45180791596567
Quindio,ARMENIA,2008,1360.0,1257.8125909047792,GradBoost,0.29340209209031876,175.45180791596567
Quindio,CORDOBA,2008,980.0,906.5726589065382,GradBoost,0.29340209209031876,175.45180791596567
Quindio,BUENAVISTA,2008,1220.0,1134.5529001566429,GradBoost,0.29340209209031876,175.45180791596567
Quindio,MONTENEGRO,2008,1440.0,1229.1205350923728,GradBoost,0.29340209209031876,175.45180791596567
Quindio,GENOVA,2008,900.0,833.6817383164781,GradBoost,0.29340209209031876,175.45180791596567
Quindio,SALENTO,2008,910.0,879.4340182382881,GradBoost,0.29340209209031876,175.45180791596567
Quindio,LA TEBAIDA,2008,1660.0,1406.6529167150566,GradBoost,0.29340209209031876,175.45180791596567
Quindio,CALARCA,2009,1140.0,1074.3229531521513,GradBoost,0.29340209209031876,175.45180791596567
Quindio,QUIMBAYA,2009,1270.0,1231.5568590652883,GradBoost,0.29340209209031876,175.45180791596567
Quindio,PIJAO,2009,990.0,928.7381585594102,GradBoost,0.29340209209031876,175.45180791596567
Quindio,FILANDIA,2009,1280.0,1000.551749371966,GradBoost,0.29340209209031876,175.45180791596567
Quindio,CIRCASIA,2009,1150.0,1070.4848213549112,GradBoost,0.29340209209031876,175.45180791596567
Quindio,ARMENIA,2009,1300.0,1219.3512972358815,GradBoost,0.29340209209031876,175.45180791596567
Quindio,CORDOBA,2009,940.0,935.0043488846262,GradBoost,0.29340209209031876,175.45180791596567
Quindio,BUENAVISTA,2009,1160.0,1033.5513078399506,GradBoost,0.29340209209031876,175.45180791596567
Quindio,MONTENEGRO,2009,1370.0,1164.127036131804,GradBoost,0.29340209209031876,175.45180791596567
Quindio,GENOVA,2009,860.0,854.8785204279284,GradBoost,0.29340209209031876,175.45180791596567
Quindio,SALENTO,2009,870.0,900.5399989791142,GradBoost,0.29340209209031876,175.45180791596567
Quindio,LA TEBAIDA,2009,1580.0,1261.5845334281776,GradBoost,0.29340209209031876,175.45180791596567
Quindio,CALARCA,2010,1060.0,1158.8493643880408,GradBoost,0.29340209209031876,175.45180791596567
Quindio,QUIMBAYA,2010,1290.0,1243.7365095626858,GradBoost,0.29340209209031876,175.45180791596567
Quindio,PIJAO,2010,1040.0,1025.1708935340334,GradBoost,0.29340209209031876,175.45180791596567
Quindio,FILANDIA,2010,1190.0,1097.4375152943055,GradBoost,0.29340209209031876,175.45180791596567
Quindio,CIRCASIA,2010,1240.0,1164.132978497815,GradBoost,0.29340209209031876,175.45180791596567
Quindio,ARMENIA,2010,1290.0,1237.8037348174457,GradBoost,0.29340209209031876,175.45180791596567
Quindio,CORDOBA,2010,1020.0,1018.0330905152282,GradBoost,0.29340209209031876,175.45180791596567
Quindio,BUENAVISTA,2010,1280.0,1094.2415916173218,GradBoost,0.29340209209031876,175.45180791596567
Quindio,MONTENEGRO,2010,1430.0,1185.9433710981891,GradBoost,0.29340209209031876,175.45180791596567
Quindio,GENOVA,2010,930.0,959.9893774494952,GradBoost,0.29340209209031876,175.45180791596567
Quindio,SALENTO,2010,790.0,1002.4631774813877,GradBoost,0.29340209209031876,175.45180791596567
Quindio,LA TEBAIDA,2010,1450.0,1237.752934039791,GradBoost,0.29340209209031876,175.45180791596567
Quindio,CALARCA,2011,1190.0,1175.9301911393206,GradBoost,0.29340209209031876,175.45180791596567
Quindio,GENOVA,2011,770.0,904.7871890555642,GradBoost,0.29340209209031876,175.45180791596567
Quindio,QUIMBAYA,2011,1200.0,1317.7283640544279,GradBoost,0.29340209209031876,175.45180791596567
Quindio,PIJAO,2011,870.0,995.6809047217541,GradBoost,0.29340209209031876,175.45180791596567
Quindio,CIRCASIA,2011,1200.0,1215.4095393947694,GradBoost,0.29340209209031876,175.45180791596567
Quindio,FILANDIA,2011,900.0,1160.5431882208889,GradBoost,0.29340209209031876,175.45180791596567
Quindio,ARMENIA,2011,1200.0,1302.0710251523617,GradBoost,0.29340209209031876,175.45180791596567
Quindio,CORDOBA,2011,890.0,954.333550013307,GradBoost,0.29340209209031876,175.45180791596567
Quindio,MONTENEGRO,2011,1000.0,1290.1784686586568,GradBoost,0.29340209209031876,175.45180791596567
Quindio,BUENAVISTA,2011,1000.0,1135.067004499733,GradBoost,0.29340209209031876,175.45180791596567
Quindio,SALENTO,2011,800.0,926.0462436382086,GradBoost,0.29340209209031876,175.45180791596567
Quindio,LA TEBAIDA,2011,1100.0,1450.6151042473537,GradBoost,0.29340209209031876,175.45180791596567
Quindio,CALARCA,2012,1080.0,1181.6190658737792,GradBoost,0.29340209209031876,175.45180791596567
Quindio,GENOVA,2012,630.0,857.9807535102285,GradBoost,0.29340209209031876,175.45180791596567
Quindio,QUIMBAYA,2012,1000.0,1319.2239294245512,GradBoost,0.29340209209031876,175.45180791596567
Quindio,PIJAO,2012,750.0,973.4731675535367,GradBoost,0.29340209209031876,175.45180791596567
Quindio,CIRCASIA,2012,800.0,1193.8438160595858,GradBoost,0.29340209209031876,175.45180791596567
Quindio,FILANDIA,2012,800.0,1130.1269981801813,GradBoost,0.29340209209031876,175.45180791596567
Quindio,ARMENIA,2012,1000.0,1317.2083200613577,GradBoost,0.29340209209031876,175.45180791596567
Quindio,CORDOBA,2012,850.0,922.92026686616,GradBoost,0.29340209209031876,175.45180791596567
Quindio,MONTENEGRO,2012,900.0,1292.9741383774565,GradBoost,0.29340209209031876,175.45180791596567
Quindio,BUENAVISTA,2012,780.0,1146.9925549206018,GradBoost,0.29340209209031876,175.45180791596567
Quindio,LA TEBAIDA,2012,1100.0,1408.2778998876156,GradBoost,0.29340209209031876,175.45180791596567
Quindio,SALENTO,2012,750.0,892.1484073476609,GradBoost,0.29340209209031876,175.45180791596567
Quindio,CALARCA,2013,1130.0,1187.4870291041989,GradBoost,0.29340209209031876,175.45180791596567
Quindio,GENOVA,2013,740.0,917.2100312327385,GradBoost,0.29340209209031876,175.45180791596567
Quindio,QUIMBAYA,2013,1060.0,1308.380897614628,GradBoost,0.29340209209031876,175.45180791596567
Quindio,PIJAO,2013,930.0,1008.1570794477755,GradBoost,0.29340209209031876,175.45180791596567
Quindio,CIRCASIA,2013,1060.0,1191.5032268148725,GradBoost,0.29340209209031876,175.45180791596567
Quindio,FILANDIA,2013,960.0,1137.125171502756,GradBoost,0.29340209209031876,175.45180791596567
Quindio,ARMENIA,2013,1060.0,1307.0579332693237,GradBoost,0.29340209209031876,175.45180791596567
Quindio,CORDOBA,2013,960.0,968.9708930197216,GradBoost,0.29340209209031876,175.45180791596567
Quindio,MONTENEGRO,2013,1060.0,1275.0312727637252,GradBoost,0.29340209209031876,175.45180791596567
Quindio,BUENAVISTA,2013,850.0,1151.932997395626,GradBoost,0.29340209209031876,175.45180791596567
Quindio,SALENTO,2013,740.0,946.0584959554786,GradBoost,0.29340209209031876,175.45180791596567
Quindio,LA TEBAIDA,2013,1170.0,1409.4270583342743,GradBoost,0.29340209209031876,175.45180791596567
Quindio,CALARCA,2014,1220.0,1073.964134417374,GradBoost,0.29340209209031876,175.45180791596567
Quindio,GENOVA,2014,810.0,847.0448277472937,GradBoost,0.29340209209031876,175.45180791596567
Quindio,QUIMBAYA,2014,1150.0,1146.059617160433,GradBoost,0.29340209209031876,175.45180791596567
Quindio,PIJAO,2014,1000.0,926.1008716310238,GradBoost,0.29340209209031876,175.45180791596567
Quindio,CIRCASIA,2014,1150.0,1077.4611354688013,GradBoost,0.29340209209031876,175.45180791596567
Quindio,ARMENIA,2014,1150.0,1142.7471691165413,GradBoost,0.29340209209031876,175.45180791596567
Quindio,FILANDIA,2014,1040.0,1026.953820814779,GradBoost,0.29340209209031876,175.45180791596567
Quindio,CORDOBA,2014,1040.0,906.879727826418,GradBoost,0.29340209209031876,175.45180791596567
Quindio,MONTENEGRO,2014,1150.0,1121.8025554561877,GradBoost,0.29340209209031876,175.45180791596567
Quindio,BUENAVISTA,2014,920.0,1041.5881456203133,GradBoost,0.29340209209031876,175.45180791596567
Quindio,SALENTO,2014,810.0,889.5974212869382,GradBoost,0.29340209209031876,175.45180791596567
Quindio,LA TEBAIDA,2014,1270.0,1180.124516383755,GradBoost,0.29340209209031876,175.45180791596567
Quindio,CALARCA,2015,1170.0,1188.268907801994,GradBoost,0.29340209209031876,175.45180791596567
Quindio,GENOVA,2015,1020.0,952.7002214976076,GradBoost,0.29340209209031876,175.45180791596567
Quindio,QUIMBAYA,2015,1410.0,1319.647223244042,GradBoost,0.29340209209031876,175.45180791596567
Quindio,PIJAO,2015,980.0,1053.3575278732235,GradBoost,0.29340209209031876,175.45180791596567
Quindio,CIRCASIA,2015,1160.0,1196.5596640197864,GradBoost,0.29340209209031876,175.45180791596567
Quindio,ARMENIA,2015,1460.0,1312.8747648938845,GradBoost,0.29340209209031876,175.45180791596567
Quindio,FILANDIA,2015,1070.0,1143.538244594924,GradBoost,0.29340209209031876,175.45180791596567
Quindio,CORDOBA,2015,1030.0,1019.8974903400284,GradBoost,0.29340209209031876,175.45180791596567
Quindio,MONTENEGRO,2015,1300.0,1294.9375105255815,GradBoost,0.29340209209031876,175.45180791596567
Quindio,BUENAVISTA,2015,1130.0,1160.4386139461997,GradBoost,0.29340209209031876,175.45180791596567
Quindio,LA TEBAIDA,2015,1270.0,1419.4259030778067,GradBoost,0.29340209209031876,175.45180791596567
Quindio,SALENTO,2015,1070.0,980.3246256448409,GradBoost,0.29340209209031876,175.45180791596567
Quindio,GENOVA,2016,1050.0,1003.2837663347797,GradBoost,0.29340209209031876,175.45180791596567
Quindio,CALARCA,2016,1210.0,1137.1336809826335,GradBoost,0.29340209209031876,175.45180791596567
Quindio,QUIMBAYA,2016,1450.0,1260.4894335344266,GradBoost,0.29340209209031876,175.45180791596567
Quindio,PIJAO,2016,1010.0,1040.612709186365,GradBoost,0.29340209209031876,175.45180791596567
Quindio,CIRCASIA,2016,1200.0,1180.1805112357658,GradBoost,0.29340209209031876,175.45180791596567
Quindio,ARMENIA,2016,1510.0,1245.2385878311077,GradBoost,0.29340209209031876,175.45180791596567
Quindio,FILANDIA,2016,1110.0,1121.8370382550004,GradBoost,0.29340209209031876,175.45180791596567
Quindio,CORDOBA,2016,1070.0,1024.526798737474,GradBoost,0.29340209209031876,175.45180791596567
Quindio,MONTENEGRO,2016,1340.0,1220.9680185299028,GradBoost,0.29340209209031876,175.45180791596567
Quindio,BUENAVISTA,2016,1170.0,1117.806594189263,GradBoost,0.29340209209031876,175.45180791596567
Quindio,SALENTO,2016,1110.0,982.43734519102,GradBoost,0.29340209209031876,175.45180791596567
Quindio,LA TEBAIDA,2016,1320.0,1285.263637105436,GradBoost,0.29340209209031876,175.45180791596567
Quindio,GENOVA,2017,1100.0,896.9838175077185,GradBoost,0.29340209209031876,175.45180791596567
Quindio,CALARCA,2017,1020.0,1165.474036549205,GradBoost,0.29340209209031876,175.45180791596567
Quindio,QUIMBAYA,2017,1260.0,1289.775679126424,GradBoost,0.29340209209031876,175.45180791596567
Quindio,PIJAO,2017,1050.0,994.5629243723511,GradBoost,0.29340209209031876,175.45180791596567
Quindio,CIRCASIA,2017,1260.0,1164.225756071477,GradBoost,0.29340209209031876,175.45180791596567
Quindio,ARMENIA,2017,1040.0,1290.7848968995886,GradBoost,0.29340209209031876,175.45180791596567
Quindio,FILANDIA,2017,840.0,1135.697990033968,GradBoost,0.29340209209031876,175.45180791596567
Quindio,CORDOBA,2017,840.0,972.5338517088855,GradBoost,0.29340209209031876,175.45180791596567
Quindio,MONTENEGRO,2017,1010.0,1275.6715316426005,GradBoost,0.29340209209031876,175.45180791596567
Quindio,BUENAVISTA,2017,1030.0,1130.707995215037,GradBoost,0.29340209209031876,175.45180791596567
Quindio,SALENTO,2017,1100.0,915.9189668346098,GradBoost,0.29340209209031876,175.45180791596567
Quindio,LA TEBAIDA,2017,1020.0,1343.9430781375102,GradBoost,0.29340209209031876,175.45180791596567
