departamento,municipio,año,area_cosechada_ha,produccion_t,rendimiento_kg_ha,anio
Quindio,CALARCA,2007,3776.0,4744.0,1260.0,2007
Quindio,QUIMBAYA,2007,2964.0,4164.0,1400.0,2007
Quindio,PIJAO,2007,2368.0,2585.0,1090.0,2007
Quindio,FILANDIA,2007,1920.0,2722.0,1420.0,2007
Quindio,CIRCASIA,2007,1874.0,2379.0,1270.0,2007
Quindio,ARMENIA,2007,1820.0,2608.0,1430.0,2007
Quindio,CORDOBA,2007,1328.0,1375.0,1040.0,2007
Quindio,BUENAVISTA,2007,990.0,1274.0,1290.0,2007
Quindio,MONTENEGRO,2007,930.0,1413.0,1520.0,2007
Quindio,GENOVA,2007,931.0,886.0,950.0,2007
Quindio,SALENTO,2007,611.0,589.0,960.0,2007
Quindio,LA TEBAIDA,2007,392.0,687.0,1750.0,2007
Quindio,CALARCA,2008,3711.0,4410.0,1190.0,2008
Quindio,QUIMBAYA,2008,2924.0,3886.0,1330.0,2008
Quindio,PIJAO,2008,2330.0,2406.0,1030.0,2008
Quindio,FILANDIA,2008,1902.0,2551.0,1340.0,2008
Quindio,CIRCASIA,2008,1807.0,2170.0,1200.0,2008
Quindio,ARMENIA,2008,1820.0,2467.0,1360.0,2008
Quindio,CORDOBA,2008,1307.0,1281.0,980.0,2008
Quindio,BUENAVISTA,2008,955.0,1163.0,1220.0,2008
Quindio,MONTENEGRO,2008,944.0,1357.0,1440.0,2008
Quindio,GENOVA,2008,916.0,825.0,900.0,2008
Quindio,SALENTO,2008,576.0,525.0,910.0,2008
Quindio,LA TEBAIDA,2008,379.0,628.0,1660.0,2008
Quindio,CALARCA,2009,3898.0,4430.0,1140.0,2009
Quindio,QUIMBAYA,2009,2727.0,3466.0,1270.0,2009
Quindio,PIJAO,2009,2278.0,2250.0,990.0,2009
Quindio,FILANDIA,2009,1837.0,2356.0,1280.0,2009
Quindio,CIRCASIA,2009,1801.0,2069.0,1150.0,2009
Quindio,ARMENIA,2009,1643.0,2130.0,1300.0,2009
Quindio,CORDOBA,2009,1226.0,1149.0,940.0,2009
Quindio,BUENAVISTA,2009,975.0,1135.0,1160.0,2009
Quindio,MONTENEGRO,2009,866.0,1190.0,1370.0,2009
Quindio,GENOVA,2009,854.0,735.0,860.0,2009
Quindio,SALENTO,2009,598.0,522.0,870.0,2009
Quindio,LA TEBAIDA,2009,349.0,553.0,1580.0,2009
Quindio,CALARCA,2010,3624.0,3825.0,1060.0,2010
Quindio,QUIMBAYA,2010,2690.0,3472.0,1290.0,2010
Quindio,PIJAO,2010,2173.0,2270.0,1040.0,2010
Quindio,FILANDIA,2010,1745.0,2077.0,1190.0,2010
Quindio,CIRCASIA,2010,1752.0,2176.0,1240.0,2010
Quindio,ARMENIA,2010,1541.0,1988.0,1290.0,2010
Quindio,CORDOBA,2010,1168.0,1190.0,1020.0,2010
Quindio,BUENAVISTA,2010,940.0,1202.0,1280.0,2010
Quindio,MONTENEGRO,2010,834.0,1192.0,1430.0,2010
Quindio,GENOVA,2010,787.0,732.0,930.0,2010
Quindio,SALENTO,2010,566.0,448.0,790.0,2010
Quindio,LA TEBAIDA,2010,339.0,493.0,1450.0,2010
Quindio,CALARCA,2011,3367.0,4022.0,1190.0,2011
Quindio,GENOVA,2011,2798.0,2160.0,770.0,2011
Quindio,QUIMBAYA,2011,2575.0,3089.0,1200.0,2011
Quindio,PIJAO,2011,2018.0,1751.0,870.0,2011
Quindio,CIRCASIA,2011,2072.0,2483.0,1200.0,2011
Quindio,FILANDIA,2011,1641.0,1471.0,900.0,2011
Quindio,ARMENIA,2011,1764.0,2116.0,1200.0,2011
Quindio,CORDOBA,2011,1320.0,1174.0,890.0,2011
Quindio,MONTENEGRO,2011,1060.0,1056.0,1000.0,2011
Quindio,BUENAVISTA,2011,781.0,777.0,1000.0,2011
Quindio,SALENTO,2011,340.0,271.0,800.0,2011
Quindio,LA TEBAIDA,2011,404.0,444.0,1100.0,2011
Quindio,CALARCA,2012,3322.0,3594.0,1080.0,2012
Quindio,GENOVA,2012,3780.0,2384.0,630.0,2012
Quindio,QUIMBAYA,2012,2304.0,2301.0,1000.0,2012
Quindio,PIJAO,2012,2630.0,1972.0,750.0,2012
Quindio,CIRCASIA,2012,1789.0,1428.0,800.0,2012
Quindio,FILANDIA,2012,1657.0,1318.0,800.0,2012
Quindio,ARMENIA,2012,1477.0,1473.0,1000.0,2012
Quindio,CORDOBA,2012,1640.0,1398.0,850.0,2012
Quindio,MONTENEGRO,2012,903.0,809.0,900.0,2012
Quindio,BUENAVISTA,2012,806.0,632.0,780.0,2012
Quindio,LA TEBAIDA,2012,339.0,373.0,1100.0,2012
Quindio,SALENTO,2012,463.0,347.0,750.0,2012
Quindio,CALARCA,2013,3216.0,3630.0,1130.0,2013
Quindio,GENOVA,2013,3632.0,2705.0,740.0,2013
Quindio,QUIMBAYA,2013,2387.0,2540.0,1060.0,2013
Quindio,PIJAO,2013,2635.0,2440.0,930.0,2013
Quindio,CIRCASIA,2013,1803.0,1919.0,1060.0,2013
Quindio,FILANDIA,2013,1713.0,1641.0,960.0,2013
Quindio,ARMENIA,2013,1565.0,1665.0,1060.0,2013
Quindio,CORDOBA,2013,1610.0,1542.0,960.0,2013
Quindio,MONTENEGRO,2013,958.0,1019.0,1060.0,2013
Quindio,BUENAVISTA,2013,845.0,719.0,850.0,2013
Quindio,SALENTO,2013,476.0,355.0,740.0,2013
Quindio,LA TEBAIDA,2013,362.0,424.0,1170.0,2013
Quindio,CALARCA,2014,3438.0,4196.0,1220.0,2014
Quindio,GENOVA,2014,3749.0,3019.0,810.0,2014
Quindio,QUIMBAYA,2014,2222.0,2557.0,1150.0,2014
Quindio,PIJAO,2014,2644.0,2647.0,1000.0,2014
Quindio,CIRCASIA,2014,1834.0,2110.0,1150.0,2014
Quindio,ARMENIA,2014,1480.0,1703.0,1150.0,2014
Quindio,FILANDIA,2014,1746.0,1808.0,1040.0,2014
Quindio,CORDOBA,2014,1615.0,1673.0,1040.0,2014
Quindio,MONTENEGRO,2014,984.0,1132.0,1150.0,2014
Quindio,BUENAVISTA,2014,907.0,835.0,920.0,2014
Quindio,SALENTO,2014,498.0,401.0,810.0,2014
Quindio,LA TEBAIDA,2014,345.0,437.0,1270.0,2014
Quindio,CALARCA,2015,3497.0,4081.0,1170.0,2015
Quindio,GENOVA,2015,3719.0,3785.0,1020.0,2015
Quindio,QUIMBAYA,2015,2179.0,3064.0,1410.0,2015
Quindio,PIJAO,2015,2678.0,2620.0,980.0,2015
Quindio,CIRCASIA,2015,1800.0,2097.0,1160.0,2015
Quindio,ARMENIA,2015,1436.0,2097.0,1460.0,2015
Quindio,FILANDIA,2015,1787.0,1914.0,1070.0,2015
Quindio,CORDOBA,2015,1478.0,1525.0,1030.0,2015
Quindio,MONTENEGRO,2015,1041.0,1354.0,1300.0,2015
Quindio,BUENAVISTA,2015,952.0,1076.0,1130.0,2015
Quindio,LA TEBAIDA,2015,443.0,563.0,1270.0,2015
Quindio,SALENTO,2015,482.0,518.0,1070.0,2015
Quindio,GENOVA,2016,3572.0,3760.0,1050.0,2016
Quindio,CALARCA,2016,3138.0,3788.0,1210.0,2016
Quindio,QUIMBAYA,2016,2025.0,2946.0,1450.0,2016
Quindio,PIJAO,2016,2398.0,2426.0,1010.0,2016
Quindio,CIRCASIA,2016,1699.0,2047.0,1200.0,2016
Quindio,ARMENIA,2016,1297.0,1959.0,1510.0,2016
Quindio,FILANDIA,2016,1676.0,1857.0,1110.0,2016
Quindio,CORDOBA,2016,1405.0,1499.0,1070.0,2016
Quindio,MONTENEGRO,2016,983.0,1322.0,1340.0,2016
Quindio,BUENAVISTA,2016,897.0,1050.0,1170.0,2016
Quindio,SALENTO,2016,550.0,610.0,1110.0,2016
Quindio,LA TEBAIDA,2016,400.0,527.0,1320.0,2016
Quindio,GENOVA,2017,3056.0,3347.0,1100.0,2017
Quindio,CALARCA,2017,2779.0,2845.0,1020.0,2017
Quindio,QUIMBAYA,2017,1990.0,2505.0,1260.0,2017
Quindio,PIJAO,2017,1915.0,2017.0,1050.0,2017
Quindio,CIRCASIA,2017,1497.0,1892.0,1260.0,2017
Quindio,ARMENIA,2017,1307.0,1355.0,1040.0,2017
Quindio,FILANDIA,2017,1419.0,1196.0,840.0,2017
Quindio,CORDOBA,2017,1222.0,1029.0,840.0,2017
Quindio,MONTENEGRO,2017,886.0,896.0,1010.0,2017
Quindio,BUENAVISTA,2017,708.0,728.0,1030.0,2017
Quindio,SALENTO,2017,545.0,597.0,1100.0,2017
Quindio,LA TEBAIDA,2017,376.0,383.0,1020.0,2017
Quindio,CALARCA,2018,2763.0,2893.0,1050.0,2018
Quindio,GENOVA,2018,2796.0,3132.0,1120.0,2018
Quindio,QUIMBAYA,2018,1765.0,2273.0,1290.0,2018
Quindio,CIRCASIA,2018,1448.0,1872.0,1290.0,2018
Quindio,ARMENIA,2018,1235.0,1310.0,1060.0,2018
Quindio,FILANDIA,2018,1375.0,1185.0,860.0,2018
Quindio,PIJAO,2018,1344.0,1448.0,1080.0,2018
Quindio,CORDOBA,2018,1229.0,1059.0,860.0,2018
Quindio,MONTENEGRO,2018,810.0,837.0,1030.0,2018
Quindio,BUENAVISTA,2018,734.0,771.0,1050.0,2018
Quindio,SALENTO,2018,560.0,628.0,1120.0,2018
Quindio,LA TEBAIDA,2018,316.0,330.0,1040.0,2018
Narino,LA UNION,2007,3684.0,7000.0,1900.0,2007
Narino,SAN LORENZO,2007,1796.0,2712.0,1510.0,2007
Narino,COLON,2007,1788.0,2682.0,1500.0,2007
Narino,BUESACO,2007,1800.0,1710.0,950.0,2007
Narino,CONSACA,2007,1637.0,1637.0,1000.0,2007
Narino,ALBAN,2007,1005.0,1440.0,1430.0,2007
Narino,SANDONA,2007,1327.0,1991.0,1500.0,2007
Narino,TAMINANGO,2007,1225.0,1139.0,930.0,2007
Narino,SAMANIEGO,2007,1185.0,1185.0,1000.0,2007
Narino,LA FLORIDA,2007,1026.0,1231.0,1200.0,2007
Narino,ARBOLEDA,2007,1040.0,1248.0,1200.0,2007
Narino,LOS ANDES,2007,869.0,873.0,1000.0,2007
Narino,SAN PABLO,2007,850.0,1445.0,1700.0,2007
Narino,LINARES,2007,640.0,768.0,1200.0,2007
Narino,EL TABLON,2007,570.0,622.0,1090.0,2007
Narino,LEIVA,2007,476.0,571.0,1200.0,2007
Narino,EL ROSARIO,2007,466.0,326.0,700.0,2007
Narino,EL TAMBO,2007,461.0,461.0,1000.0,2007
Narino,CHACHAGUI,2007,427.0,417.0,980.0,2007
Narino,EL PEÑOL,2007,380.0,380.0,1000.0,2007
Narino,SAN PEDRO DE CARTAGO,2007,319.0,415.0,1300.0,2007
Narino,ANCUYA,2007,255.0,288.0,1130.0,2007
Narino,SAN BERNARDO,2007,218.0,188.0,860.0,2007
Narino,PASTO,2007,180.0,260.0,1440.0,2007
Narino,POLICARPA,2007,100.0,70.0,700.0,2007
Narino,SANTACRUZ,2007,152.0,182.0,1200.0,2007
Narino,YACUANQUER,2007,127.0,125.0,980.0,2007
Narino,GUAITARILLA,2007,91.0,81.0,890.0,2007
Narino,PROVIDENCIA,2007,76.0,69.0,900.0,2007
Narino,LA CRUZ,2007,73.0,58.0,800.0,2007
Narino,CUMBITARA,2007,46.0,37.0,800.0,2007
Narino,MALLAMA,2007,41.0,27.0,650.0,2007
Narino,LA LLANADA,2007,32.0,47.0,1500.0,2007
Narino,BELEN,2007,33.0,30.0,900.0,2007
Narino,TANGUA,2007,25.0,13.0,500.0,2007
Narino,FUNES,2007,26.0,29.0,1100.0,2007
Narino,NARIÑO,2007,13.0,14.0,1100.0,2007
Narino,LA UNION,2008,4300.0,7095.0,1650.0,2008
Narino,SAN LORENZO,2008,2062.0,2681.0,1300.0,2008
Narino,COLON,2008,2201.0,3302.0,1500.0,2008
Narino,BUESACO,2008,1850.0,1850.0,1000.0,2008
Narino,CONSACA,2008,1449.0,2029.0,1400.0,2008
Narino,ALBAN,2008,1400.0,1960.0,1400.0,2008
Narino,SANDONA,2008,1100.0,1235.0,1120.0,2008
Narino,TAMINANGO,2008,1203.0,1022.0,850.0,2008
Narino,LA FLORIDA,2008,1025.0,718.0,700.0,2008
Narino,SAMANIEGO,2008,1115.0,851.0,760.0,2008
Narino,ARBOLEDA,2008,1040.0,1368.0,1320.0,2008
Narino,LOS ANDES,2008,869.0,887.0,1020.0,2008
Narino,EL ROSARIO,2008,260.0,182.0,700.0,2008
Narino,SAN PABLO,2008,850.0,1020.0,1200.0,2008
Narino,EL TABLON,2008,670.0,670.0,1000.0,2008
Narino,LINARES,2008,641.0,769.0,1200.0,2008
Narino,EL TAMBO,2008,491.0,491.0,1000.0,2008
Narino,LEIVA,2008,476.0,571.0,1200.0,2008
Narino,CHACHAGUI,2008,417.0,417.0,1000.0,2008
Narino,EL PEÑOL,2008,390.0,390.0,1000.0,2008
Narino,SAN PEDRO DE CARTAGO,2008,319.0,415.0,1300.0,2008
Narino,ANCUYA,2008,260.0,130.0,500.0,2008
Narino,PASTO,2008,180.0,252.0,1400.0,2008
Narino,SAN BERNARDO,2008,215.0,215.0,1000.0,2008
Narino,POLICARPA,2008,100.0,100.0,1000.0,2008
Narino,CUMBITARA,2008,50.0,50.0,1000.0,2008
Narino,SANTACRUZ,2008,144.0,115.0,800.0,2008
Narino,YACUANQUER,2008,117.0,129.0,1100.0,2008
Narino,GUAITARILLA,2008,90.0,59.0,650.0,2008
Narino,LA CRUZ,2008,74.0,59.0,800.0,2008
Narino,LA LLANADA,2008,38.0,57.0,1500.0,2008
Narino,FUNES,2008,29.0,33.0,1140.0,2008
Narino,MALLAMA,2008,56.0,56.0,1000.0,2008
Narino,PROVIDENCIA,2008,30.0,24.0,800.0,2008
Narino,NARIÑO,2008,14.0,14.0,1000.0,2008
Narino,BELEN,2008,32.0,29.0,900.0,2008
Narino,TANGUA,2008,13.0,6.0,500.0,2008
Narino,IMUES,2008,13.0,14.0,1080.0,2008
Narino,LA UNION,2009,3782.0,4338.0,1150.0,2009
Narino,SAN LORENZO,2009,2700.0,2700.0,1000.0,2009
Narino,COLON,2009,2200.0,2458.0,1120.0,2009
Narino,BUESACO,2009,1785.0,1250.0,700.0,2009
Narino,CONSACA,2009,1449.0,1739.0,1200.0,2009
Narino,SAMANIEGO,2009,1215.0,851.0,700.0,2009
Narino,SANDONA,2009,1132.0,1698.0,1500.0,2009
Narino,ALBAN,2009,1470.0,2205.0,1500.0,2009
Narino,TAMINANGO,2009,960.0,1248.0,1300.0,2009
Narino,ARBOLEDA,2009,1040.0,1040.0,1000.0,2009
Narino,LA FLORIDA,2009,1025.0,1230.0,1200.0,2009
Narino,LOS ANDES,2009,959.0,593.0,620.0,2009
Narino,EL ROSARIO,2009,513.0,515.0,1000.0,2009
Narino,SAN PABLO,2009,820.0,820.0,1000.0,2009
Narino,EL TABLON,2009,770.0,770.0,1000.0,2009
Narino,LINARES,2009,670.0,611.0,910.0,2009
Narino,EL TAMBO,2009,571.0,379.0,660.0,2009
Narino,LEIVA,2009,580.0,696.0,1200.0,2009
Narino,CHACHAGUI,2009,447.0,224.0,500.0,2009
Narino,EL PEÑOL,2009,390.0,390.0,1000.0,2009
Narino,SAN PEDRO DE CARTAGO,2009,358.0,430.0,1200.0,2009
Narino,SAN BERNARDO,2009,220.0,198.0,900.0,2009
Narino,PASTO,2009,220.0,312.0,1420.0,2009
Narino,POLICARPA,2009,170.0,34.0,200.0,2009
Narino,ANCUYA,2009,178.0,36.0,200.0,2009
Narino,CUMBITARA,2009,100.0,100.0,1000.0,2009
Narino,SANTACRUZ,2009,155.0,109.0,700.0,2009
Narino,YACUANQUER,2009,135.0,122.0,900.0,2009
Narino,GUAITARILLA,2009,86.0,52.0,600.0,2009
Narino,LA CRUZ,2009,79.0,63.0,800.0,2009
Narino,LA LLANADA,2009,38.0,38.0,1000.0,2009
Narino,FUNES,2009,58.0,63.0,1090.0,2009
Narino,MALLAMA,2009,57.0,68.0,1200.0,2009
Narino,NARIÑO,2009,16.0,6.0,380.0,2009
Narino,BELEN,2009,37.0,33.0,900.0,2009
Narino,TANGUA,2009,32.0,29.0,900.0,2009
Narino,PROVIDENCIA,2009,30.0,24.0,800.0,2009
Narino,IMUES,2009,15.0,14.0,900.0,2009
Narino,CUMBAL,2009,5.0,4.0,700.0,2009
Narino,LA UNION,2010,2814.0,3377.0,1200.0,2010
Narino,COLON,2010,2357.0,2318.0,980.0,2010
Narino,SAN LORENZO,2010,1580.0,1738.0,1100.0,2010
Narino,BUESACO,2010,1940.0,1940.0,1000.0,2010
Narino,CONSACA,2010,819.0,737.0,900.0,2010
Narino,SAMANIEGO,2010,1215.0,851.0,700.0,2010
Narino,ALBAN,2010,1250.0,1875.0,1500.0,2010
Narino,SANDONA,2010,1132.0,1358.0,1200.0,2010
Narino,ARBOLEDA,2010,1140.0,798.0,700.0,2010
Narino,EL ROSARIO,2010,972.0,875.0,900.0,2010
Narino,LA FLORIDA,2010,1039.0,1247.0,1200.0,2010
Narino,TAMINANGO,2010,580.0,1044.0,1800.0,2010
Narino,SAN PABLO,2010,590.0,708.0,1200.0,2010
Narino,EL TABLON,2010,760.0,760.0,1000.0,2010
Narino,LINARES,2010,670.0,651.0,970.0,2010
Narino,LOS ANDES,2010,604.0,302.0,500.0,2010
Narino,LEIVA,2010,587.0,704.0,1200.0,2010
Narino,EL TAMBO,2010,571.0,343.0,600.0,2010
Narino,EL PEÑOL,2010,440.0,460.0,1050.0,2010
Narino,CHACHAGUI,2010,427.0,427.0,1000.0,2010
Narino,POLICARPA,2010,190.0,84.0,440.0,2010
Narino,SAN PEDRO DE CARTAGO,2010,313.0,313.0,1000.0,2010
Narino,PASTO,2010,219.0,329.0,1500.0,2010
Narino,ANCUYA,2010,178.0,213.0,1200.0,2010
Narino,CUMBITARA,2010,140.0,126.0,900.0,2010
Narino,SANTACRUZ,2010,151.0,227.0,1500.0,2010
Narino,YACUANQUER,2010,131.0,157.0,1200.0,2010
Narino,GUAITARILLA,2010,135.0,83.0,610.0,2010
Narino,SAN BERNARDO,2010,105.0,95.0,900.0,2010
Narino,LA CRUZ,2010,84.0,67.0,800.0,2010
Narino,FUNES,2010,64.0,83.0,1300.0,2010
Narino,LA LLANADA,2010,64.0,64.0,1000.0,2010
Narino,MALLAMA,2010,59.0,59.0,1000.0,2010
Narino,TANGUA,2010,37.0,34.0,910.0,2010
Narino,NARIÑO,2010,42.0,38.0,900.0,2010
Narino,BELEN,2010,29.0,37.0,1280.0,2010
Narino,PROVIDENCIA,2010,30.0,24.0,800.0,2010
Narino,IPIALES,2010,18.0,23.0,1300.0,2010
Narino,IMUES,2010,18.0,19.0,1050.0,2010
Narino,CUMBAL,2010,9.0,6.0,700.0,2010
Narino,RICAURTE,2010,3.0,2.0,700.0,2010
Narino,COLON,2011,2997.0,2997.0,1000.0,2011
Narino,LA UNION,2011,2035.0,2442.0,1200.0,2011
Narino,SAN LORENZO,2011,1380.0,1380.0,1000.0,2011
Narino,BUESACO,2011,2140.0,2140.0,1000.0,2011
Narino,SAMANIEGO,2011,1450.0,1015.0,700.0,2011
Narino,CONSACA,2011,1705.0,1705.0,1000.0,2011
Narino,EL ROSARIO,2011,1052.0,842.0,800.0,2011
Narino,ALBAN,2011,1375.0,2063.0,1500.0,2011
Narino,ARBOLEDA,2011,160.0,112.0,700.0,2011
Narino,TAMINANGO,2011,1250.0,1250.0,1000.0,2011
Narino,SANDONA,2011,1072.0,751.0,700.0,2011
Narino,LA FLORIDA,2011,1224.0,1591.0,1300.0,2011
Narino,EL TABLON,2011,776.0,776.0,1000.0,2011
Narino,LINARES,2011,700.0,630.0,900.0,2011
Narino,LOS ANDES,2011,654.0,523.0,800.0,2011
Narino,LEIVA,2011,443.0,443.0,1000.0,2011
Narino,EL PEÑOL,2011,570.0,570.0,1000.0,2011
Narino,EL TAMBO,2011,490.0,196.0,400.0,2011
Narino,POLICARPA,2011,419.0,419.0,1000.0,2011
Narino,CHACHAGUI,2011,407.0,407.0,1000.0,2011
Narino,SAN PEDRO DE CARTAGO,2011,348.0,348.0,1000.0,2011
Narino,PASTO,2011,219.0,263.0,1200.0,2011
Narino,SAN PABLO,2011,210.0,189.0,900.0,2011
Narino,ANCUYA,2011,184.0,147.0,800.0,2011
Narino,SANTACRUZ,2011,150.0,90.0,600.0,2011
Narino,CUMBITARA,2011,130.0,117.0,900.0,2011
Narino,YACUANQUER,2011,115.0,138.0,1200.0,2011
Narino,GUAITARILLA,2011,110.0,77.0,700.0,2011
Narino,SAN BERNARDO,2011,70.0,35.0,500.0,2011
Narino,LA CRUZ,2011,86.0,74.0,860.0,2011
Narino,LA LLANADA,2011,76.0,76.0,1000.0,2011
Narino,FUNES,2011,74.0,65.0,880.0,2011
Narino,MALLAMA,2011,45.0,45.0,1000.0,2011
Narino,BELEN,2011,32.0,48.0,1500.0,2011
Narino,TANGUA,2011,32.0,32.0,1000.0,2011
Narino,PROVIDENCIA,2011,35.0,28.0,800.0,2011
Narino,IPIALES,2011,23.0,28.0,1200.0,2011
Narino,CUMBAL,2011,6.0,4.0,600.0,2011
Narino,IMUES,2011,6.0,7.0,1100.0,2011
Narino,NARIÑO,2011,6.0,5.0,900.0,2011
Narino,TUMACO,2011,4.0,4.0,1000.0,2011
Narino,RICAURTE,2011,3.0,2.0,700.0,2011
Narino,EL CHARCO,2011,2.0,2.0,1000.0,2011
Narino,LA UNION,2012,3307.0,3968.0,1200.0,2012
Narino,COLON,2012,4395.0,5274.0,1200.0,2012
Narino,SAN LORENZO,2012,2400.0,2835.0,1180.0,2012
Narino,BUESACO,2012,2480.0,2976.0,1200.0,2012
Narino,SAMANIEGO,2012,2000.0,1500.0,750.0,2012
Narino,SAN PABLO,2012,220.0,264.0,1200.0,2012
Narino,EL ROSARIO,2012,1402.0,701.0,500.0,2012
Narino,CONSACA,2012,1629.0,1955.0,1200.0,2012
Narino,SANDONA,2012,1353.0,1028.0,760.0,2012
Narino,LA FLORIDA,2012,1214.0,1457.0,1200.0,2012
Narino,TAMINANGO,2012,1170.0,1170.0,1000.0,2012
Narino,LOS ANDES,2012,1004.0,402.0,400.0,2012
Narino,EL PEÑOL,2012,440.0,264.0,600.0,2012
Narino,EL TABLON,2012,725.0,725.0,1000.0,2012
Narino,SAN PEDRO DE CARTAGO,2012,31.0,37.0,1200.0,2012
Narino,ALBAN,2012,535.0,401.0,750.0,2012
Narino,LINARES,2012,538.0,482.0,900.0,2012
Narino,LEIVA,2012,635.0,762.0,1200.0,2012
Narino,CHACHAGUI,2012,467.0,467.0,1000.0,2012
Narino,EL TAMBO,2012,140.0,70.0,500.0,2012
Narino,POLICARPA,2012,170.0,128.0,750.0,2012
Narino,YACUANQUER,2012,207.0,248.0,1200.0,2012
Narino,PASTO,2012,224.0,269.0,1200.0,2012
Narino,SAN BERNARDO,2012,120.0,90.0,750.0,2012
Narino,SANTACRUZ,2012,179.0,54.0,300.0,2012
Narino,ANCUYA,2012,172.0,34.0,200.0,2012
Narino,CUMBITARA,2012,155.0,140.0,900.0,2012
Narino,FUNES,2012,75.0,75.0,1000.0,2012
Narino,LA CRUZ,2012,88.0,44.0,500.0,2012
Narino,LA LLANADA,2012,64.0,44.0,690.0,2012
Narino,MALLAMA,2012,66.0,66.0,1000.0,2012
Narino,GUAITARILLA,2012,41.0,16.0,380.0,2012
Narino,BELEN,2012,35.0,18.0,500.0,2012
Narino,TANGUA,2012,35.0,35.0,1000.0,2012
Narino,PROVIDENCIA,2012,33.0,26.0,800.0,2012
Narino,IPIALES,2012,23.0,28.0,1200.0,2012
Narino,CUMBAL,2012,12.0,7.0,600.0,2012
Narino,TUQUERRES,2012,8.0,4.0,500.0,2012
Narino,NARIÑO,2012,4.0,4.0,1000.0,2012
Narino,IMUES,2012,8.0,9.0,1100.0,2012
Narino,RICAURTE,2012,3.0,2.0,750.0,2012
Narino,LA UNION,2013,4339.0,4309.0,990.0,2013
Narino,SAN LORENZO,2013,2965.0,3398.0,1150.0,2013
Narino,BUESACO,2013,2276.0,2086.0,920.0,2013
Narino,COLON,2013,2061.0,2204.0,1070.0,2013
Narino,CONSACA,2013,1550.0,1421.0,920.0,2013
Narino,ALBAN,2013,1570.0,1560.0,990.0,2013
Narino,TAMINANGO,2013,1549.0,947.0,610.0,2013
Narino,ARBOLEDA,2013,1564.0,956.0,610.0,2013
Narino,EL TABLON,2013,1468.0,1122.0,760.0,2013
Narino,SANDONA,2013,1534.0,1172.0,760.0,2013
Narino,EL TAMBO,2013,1427.0,1091.0,760.0,2013
Narino,SAMANIEGO,2013,1330.0,914.0,690.0,2013
Narino,LA FLORIDA,2013,1160.0,1241.0,1070.0,2013
Narino,SAN PABLO,2013,929.0,852.0,920.0,2013
Narino,LOS ANDES,2013,841.0,642.0,760.0,2013
Narino,SAN PEDRO DE CARTAGO,2013,822.0,628.0,760.0,2013
Narino,LEIVA,2013,729.0,811.0,1110.0,2013
Narino,EL ROSARIO,2013,744.0,739.0,990.0,2013
Narino,LINARES,2013,692.0,475.0,690.0,2013
Narino,CHACHAGUI,2013,393.0,301.0,760.0,2013
Narino,POLICARPA,2013,370.0,206.0,560.0,2013
Narino,YACUANQUER,2013,263.0,241.0,920.0,2013
Narino,SAN BERNARDO,2013,314.0,360.0,1150.0,2013
Narino,ANCUYA,2013,278.0,254.0,920.0,2013
Narino,PASTO,2013,241.0,184.0,760.0,2013
Narino,LA CRUZ,2013,150.0,92.0,610.0,2013
Narino,SANTACRUZ,2013,117.0,72.0,610.0,2013
Narino,FUNES,2013,96.0,55.0,570.0,2013
Narino,GUAITARILLA,2013,87.0,53.0,610.0,2013
Narino,TANGUA,2013,76.0,88.0,1150.0,2013
Narino,PROVIDENCIA,2013,53.0,25.0,470.0,2013
Narino,CUMBITARA,2013,52.0,32.0,610.0,2013
Narino,MALLAMA,2013,44.0,34.0,760.0,2013
Narino,TUQUERRES,2013,25.0,17.0,690.0,2013
Narino,ILES,2013,7.0,6.0,760.0,2013
Narino,IMUES,2013,9.0,8.0,920.0,2013
Narino,RICAURTE,2013,10.0,12.0,1150.0,2013
Narino,LA UNION,2014,4207.0,4518.0,1070.0,2014
Narino,SAN LORENZO,2014,3066.0,3799.0,1240.0,2014
Narino,BUESACO,2014,2745.0,2721.0,990.0,2014
Narino,COLON,2014,2087.0,2414.0,1160.0,2014
Narino,EL TABLON,2014,1639.0,1354.0,830.0,2014
Narino,ARBOLEDA,2014,1674.0,1106.0,660.0,2014
Narino,ALBAN,2014,1632.0,1752.0,1070.0,2014
Narino,CONSACA,2014,1580.0,1567.0,990.0,2014
Narino,TAMINANGO,2014,1582.0,1045.0,660.0,2014
Narino,SANDONA,2014,1376.0,1137.0,830.0,2014
Narino,SAMANIEGO,2014,1486.0,1105.0,740.0,2014
Narino,LA FLORIDA,2014,1193.0,1380.0,1160.0,2014
Narino,SAN PABLO,2014,1003.0,994.0,990.0,2014
Narino,LOS ANDES,2014,881.0,728.0,830.0,2014
Narino,EL ROSARIO,2014,833.0,895.0,1070.0,2014
Narino,LEIVA,2014,831.0,999.0,1200.0,2014
Narino,SAN PEDRO DE CARTAGO,2014,827.0,683.0,830.0,2014
Narino,EL TAMBO,2014,780.0,644.0,830.0,2014
Narino,LINARES,2014,763.0,567.0,740.0,2014
Narino,EL PEÑOL,2014,708.0,612.0,870.0,2014
Narino,CHACHAGUI,2014,396.0,327.0,830.0,2014
Narino,YACUANQUER,2014,343.0,340.0,990.0,2014
Narino,POLICARPA,2014,371.0,224.0,600.0,2014
Narino,SAN BERNARDO,2014,291.0,360.0,1240.0,2014
Narino,ANCUYA,2014,278.0,275.0,990.0,2014
Narino,PASTO,2014,262.0,217.0,830.0,2014
Narino,FUNES,2014,151.0,93.0,620.0,2014
Narino,LA CRUZ,2014,127.0,84.0,660.0,2014
Narino,SANTACRUZ,2014,126.0,83.0,660.0,2014
Narino,GUAITARILLA,2014,79.0,52.0,660.0,2014
Narino,TANGUA,2014,73.0,90.0,1240.0,2014
Narino,PROVIDENCIA,2014,63.0,32.0,500.0,2014
Narino,CUMBITARA,2014,62.0,41.0,660.0,2014
Narino,MALLAMA,2014,39.0,32.0,830.0,2014
Narino,TUQUERRES,2014,28.0,21.0,740.0,2014
Narino,ILES,2014,10.0,8.0,830.0,2014
Narino,IMUES,2014,9.0,9.0,990.0,2014
Narino,RICAURTE,2014,10.0,13.0,1240.0,2014
Narino,LA UNION,2015,4218.0,4773.0,1130.0,2015
Narino,SAN LORENZO,2015,3054.0,3345.0,1100.0,2015
Narino,BUESACO,2015,2780.0,3010.0,1080.0,2015
Narino,COLON,2015,2088.0,2430.0,1160.0,2015
Narino,EL TABLON,2015,1686.0,1817.0,1080.0,2015
Narino,ARBOLEDA,2015,1602.0,1832.0,1140.0,2015
Narino,ALBAN,2015,1604.0,1777.0,1110.0,2015
Narino,CONSACA,2015,1597.0,1712.0,1070.0,2015
Narino,TAMINANGO,2015,1544.0,1680.0,1090.0,2015
Narino,SANDONA,2015,1347.0,1628.0,1210.0,2015
Narino,SAMANIEGO,2015,1475.0,1517.0,1030.0,2015
Narino,LA FLORIDA,2015,1178.0,1241.0,1050.0,2015
Narino,SAN PABLO,2015,992.0,1094.0,1100.0,2015
Narino,EL ROSARIO,2015,861.0,945.0,1100.0,2015
Narino,LOS ANDES,2015,864.0,922.0,1070.0,2015
Narino,SAN PEDRO DE CARTAGO,2015,774.0,845.0,1090.0,2015
Narino,EL TAMBO,2015,760.0,798.0,1050.0,2015
Narino,LEIVA,2015,761.0,799.0,1050.0,2015
Narino,LINARES,2015,733.0,773.0,1060.0,2015
Narino,EL PEÑOL,2015,736.0,737.0,1000.0,2015
Narino,CHACHAGUI,2015,383.0,420.0,1100.0,2015
Narino,YACUANQUER,2015,364.0,393.0,1080.0,2015
Narino,POLICARPA,2015,377.0,326.0,860.0,2015
Narino,ANCUYA,2015,292.0,312.0,1070.0,2015
Narino,SAN BERNARDO,2015,273.0,299.0,1090.0,2015
Narino,PASTO,2015,269.0,281.0,1040.0,2015
Narino,FUNES,2015,199.0,197.0,990.0,2015
Narino,LA CRUZ,2015,134.0,142.0,1060.0,2015
Narino,SANTACRUZ,2015,136.0,142.0,1040.0,2015
Narino,GUAITARILLA,2015,90.0,95.0,1050.0,2015
Narino,TANGUA,2015,81.0,92.0,1140.0,2015
Narino,PROVIDENCIA,2015,70.0,72.0,1030.0,2015
Narino,CUMBITARA,2015,64.0,60.0,950.0,2015
Narino,MALLAMA,2015,42.0,42.0,1000.0,2015
Narino,TUQUERRES,2015,36.0,39.0,1090.0,2015
Narino,IMUES,2015,11.0,10.0,920.0,2015
Narino,ILES,2015,10.0,9.0,850.0,2015
Narino,RICAURTE,2015,3.0,4.0,1070.0,2015
Narino,LA UNION,2016,4120.0,4822.0,1170.0,2016
Narino,SAN LORENZO,2016,2987.0,3383.0,1130.0,2016
Narino,BUESACO,2016,2744.0,3074.0,1120.0,2016
Narino,COLON,2016,2040.0,2455.0,1200.0,2016
Narino,EL TABLON,2016,1670.0,1860.0,1110.0,2016
Narino,ARBOLEDA,2016,1574.0,1862.0,1180.0,2016
Narino,ALBAN,2016,1599.0,1832.0,1150.0,2016
Narino,CONSACA,2016,1563.0,1733.0,1110.0,2016
Narino,TAMINANGO,2016,1480.0,1665.0,1130.0,2016
Narino,SANDONA,2016,1297.0,1622.0,1250.0,2016
Narino,SAMANIEGO,2016,1430.0,1520.0,1060.0,2016
Narino,LA FLORIDA,2016,1163.0,1267.0,1090.0,2016
Narino,SAN PABLO,2016,982.0,1120.0,1140.0,2016
Narino,EL ROSARIO,2016,789.0,895.0,1140.0,2016
Narino,LOS ANDES,2016,825.0,910.0,1100.0,2016
Narino,EL TAMBO,2016,744.0,808.0,1090.0,2016
Narino,SAN PEDRO DE CARTAGO,2016,752.0,849.0,1130.0,2016
Narino,LEIVA,2016,754.0,819.0,1090.0,2016
Narino,LINARES,2016,712.0,777.0,1090.0,2016
Narino,EL PEÑOL,2016,697.0,721.0,1040.0,2016
Narino,CHACHAGUI,2016,373.0,423.0,1130.0,2016
Narino,YACUANQUER,2016,374.0,417.0,1120.0,2016
Narino,POLICARPA,2016,370.0,330.0,890.0,2016
Narino,ANCUYA,2016,299.0,330.0,1100.0,2016
Narino,SAN BERNARDO,2016,271.0,306.0,1130.0,2016
Narino,PASTO,2016,261.0,282.0,1080.0,2016
Narino,FUNES,2016,196.0,201.0,1020.0,2016
Narino,LA CRUZ,2016,145.0,158.0,1090.0,2016
Narino,SANTACRUZ,2016,133.0,142.0,1070.0,2016
Narino,GUAITARILLA,2016,92.0,100.0,1090.0,2016
Narino,TANGUA,2016,81.0,96.0,1180.0,2016
Narino,PROVIDENCIA,2016,70.0,75.0,1060.0,2016
Narino,CUMBITARA,2016,63.0,61.0,980.0,2016
Narino,MALLAMA,2016,41.0,43.0,1030.0,2016
Narino,TUQUERRES,2016,35.0,40.0,1120.0,2016
Narino,IMUES,2016,10.0,10.0,950.0,2016
Narino,ILES,2016,10.0,9.0,880.0,2016
Narino,RICAURTE,2016,4.0,5.0,1110.0,2016
Narino,LA UNION,2017,4233.0,4281.0,1010.0,2017
Narino,SAN LORENZO,2017,3061.0,3870.0,1260.0,2017
Narino,BUESACO,2017,2776.0,2807.0,1010.0,2017
Narino,COLON,2017,2223.0,2435.0,1100.0,2017
Narino,ARBOLEDA,2017,1644.0,1524.0,930.0,2017
Narino,ALBAN,2017,1671.0,1760.0,1050.0,2017
Narino,EL TABLON,2017,1614.0,2448.0,1520.0,2017
Narino,CONSACA,2017,1657.0,1816.0,1100.0,2017
Narino,TAMINANGO,2017,1523.0,1027.0,670.0,2017
Narino,SANDONA,2017,1401.0,1771.0,1260.0,2017
Narino,SAMANIEGO,2017,1448.0,1098.0,760.0,2017
Narino,LA FLORIDA,2017,1156.0,1655.0,1430.0,2017
Narino,SAN PABLO,2017,1046.0,1074.0,1030.0,2017
Narino,EL ROSARIO,2017,830.0,839.0,1010.0,2017
Narino,EL TAMBO,2017,818.0,690.0,840.0,2017
Narino,SAN PEDRO DE CARTAGO,2017,754.0,953.0,1260.0,2017
Narino,LOS ANDES,2017,787.0,597.0,760.0,2017
Narino,LEIVA,2017,719.0,606.0,840.0,2017
Narino,LINARES,2017,703.0,474.0,670.0,2017
Narino,EL PEÑOL,2017,657.0,443.0,670.0,2017
Narino,YACUANQUER,2017,425.0,430.0,1010.0,2017
Narino,CHACHAGUI,2017,405.0,410.0,1010.0,2017
Narino,ANCUYA,2017,283.0,286.0,1010.0,2017
Narino,SAN BERNARDO,2017,281.0,213.0,760.0,2017
Narino,POLICARPA,2017,315.0,213.0,670.0,2017
Narino,PASTO,2017,274.0,231.0,840.0,2017
Narino,FUNES,2017,211.0,206.0,980.0,2017
Narino,LA CRUZ,2017,147.0,268.0,1820.0,2017
Narino,SANTACRUZ,2017,133.0,157.0,1180.0,2017
Narino,GUAITARILLA,2017,97.0,94.0,970.0,2017
Narino,TANGUA,2017,98.0,99.0,1010.0,2017
Narino,PROVIDENCIA,2017,79.0,73.0,930.0,2017
Narino,CUMBITARA,2017,64.0,64.0,1010.0,2017
Narino,MALLAMA,2017,42.0,35.0,840.0,2017
Narino,TUQUERRES,2017,37.0,31.0,840.0,2017
Narino,IMUES,2017,11.0,12.0,1100.0,2017
Narino,ILES,2017,10.0,11.0,1040.0,2017
Narino,RICAURTE,2017,5.0,3.0,660.0,2017
Narino,LA UNION,2018,4248.0,4393.0,1030.0,2018
Narino,SAN LORENZO,2018,3091.0,3995.0,1290.0,2018
Narino,BUESACO,2018,2696.0,2789.0,1030.0,2018
Narino,COLON,2018,2237.0,2507.0,1120.0,2018
Narino,ALBAN,2018,1732.0,1866.0,1080.0,2018
Narino,EL TABLON,2018,1708.0,2650.0,1550.0,2018
Narino,ARBOLEDA,2018,1682.0,1595.0,950.0,2018
Narino,CONSACA,2018,1576.0,1766.0,1120.0,2018
Narino,TAMINANGO,2018,1536.0,1059.0,690.0,2018
Narino,SAMANIEGO,2018,1404.0,1089.0,780.0,2018
Narino,SANDONA,2018,1176.0,1520.0,1290.0,2018
Narino,LA FLORIDA,2018,1184.0,1734.0,1470.0,2018
Narino,SAN PABLO,2018,1068.0,1122.0,1050.0,2018
Narino,EL TAMBO,2018,838.0,722.0,860.0,2018
Narino,SAN PEDRO DE CARTAGO,2018,790.0,1022.0,1290.0,2018
Narino,EL ROSARIO,2018,787.0,814.0,1030.0,2018
Narino,LOS ANDES,2018,745.0,578.0,780.0,2018
Narino,LEIVA,2018,689.0,594.0,860.0,2018
Narino,LINARES,2018,679.0,468.0,690.0,2018
Narino,EL PEÑOL,2018,674.0,465.0,690.0,2018
Narino,YACUANQUER,2018,416.0,430.0,1030.0,2018
Narino,CHACHAGUI,2018,399.0,412.0,1030.0,2018
Narino,ANCUYA,2018,304.0,314.0,1030.0,2018
Narino,SAN BERNARDO,2018,270.0,209.0,780.0,2018
Narino,POLICARPA,2018,304.0,209.0,690.0,2018
Narino,PASTO,2018,280.0,241.0,860.0,2018
Narino,FUNES,2018,211.0,211.0,1000.0,2018
Narino,LA CRUZ,2018,168.0,313.0,1870.0,2018
Narino,SANTACRUZ,2018,130.0,157.0,1210.0,2018
Narino,TANGUA,2018,96.0,99.0,1030.0,2018
Narino,GUAITARILLA,2018,97.0,96.0,990.0,2018
Narino,PROVIDENCIA,2018,80.0,76.0,950.0,2018
Narino,CUMBITARA,2018,64.0,66.0,1030.0,2018
Narino,MALLAMA,2018,45.0,39.0,860.0,2018
Narino,TUQUERRES,2018,37.0,32.0,860.0,2018
Narino,IMUES,2018,11.0,12.0,1120.0,2018
Narino,ILES,2018,10.0,11.0,1060.0,2018
Narino,RICAURTE,2018,5.0,3.0,620.0,2018
Quindio,ARMENIA,2019,1098.0,1647.0,1500.0,2019
Quindio,ARMENIA,2020,1110.0,1386.0,1250.0,2020
Quindio,ARMENIA,2021,1056.61,1151.7,1090.0,2021
Quindio,ARMENIA,2022,1141.98,960.73,840.0,2022
Quindio,ARMENIA,2023,1171.65,1434.5,1220.0,2023
Quindio,ARMENIA,2024,1129.8,1524.23,1350.0,2024
Quindio,BUENAVISTA,2019,659.0,870.0,1320.0,2019
Quindio,BUENAVISTA,2020,662.0,808.0,1220.0,2020
Quindio,BUENAVISTA,2021,649.27,824.57,1270.0,2021
Quindio,BUENAVISTA,2022,692.15,672.73,970.0,2022
Quindio,BUENAVISTA,2023,498.99,706.21,1420.0,2023
Quindio,BUENAVISTA,2024,531.45,934.06,1760.0,2024
Quindio,CALARCÁ,2019,2348.0,3110.0,1320.0,2019
Quindio,CALARCÁ,2020,2545.0,3116.0,1220.0,2020
Quindio,CALARCÁ,2021,2353.51,2353.51,1000.0,2021
Quindio,CALARCÁ,2022,2223.39,2214.25,1000.0,2022
Quindio,CALARCÁ,2023,2245.74,2545.84,1130.0,2023
Quindio,CALARCÁ,2024,2075.72,2903.16,1400.0,2024
Quindio,CIRCASIA,2019,1178.43,1473.04,1250.0,2019
Quindio,CIRCASIA,2020,1138.0,1408.0,1240.0,2020
Quindio,CIRCASIA,2021,1102.75,1157.89,1050.0,2021
Quindio,CIRCASIA,2022,1109.11,893.7,810.0,2022
Quindio,CIRCASIA,2023,1059.56,1018.06,960.0,2023
Quindio,CIRCASIA,2024,1080.22,1283.53,1190.0,2024
Quindio,CÓRDOBA,2019,1183.0,1533.0,1300.0,2019
Quindio,CÓRDOBA,2020,1171.0,1404.0,1200.0,2020
Quindio,CÓRDOBA,2021,1144.58,1144.58,1000.0,2021
Quindio,CÓRDOBA,2022,1100.23,834.35,760.0,2022
Quindio,CÓRDOBA,2023,1120.28,962.14,860.0,2023
Quindio,CÓRDOBA,2024,1081.58,1338.7,1240.0,2024
Quindio,FILANDIA,2019,1277.0,1619.0,1270.0,2019
Quindio,FILANDIA,2020,1382.76,1382.76,1000.0,2020
Quindio,FILANDIA,2021,1249.52,1137.06,910.0,2021
Quindio,FILANDIA,2022,1237.19,1080.56,870.0,2022
Quindio,FILANDIA,2023,1243.31,984.54,790.0,2023
Quindio,FILANDIA,2024,1219.43,1373.48,1130.0,2024
Quindio,GÉNOVA,2019,2682.0,3478.0,1300.0,2019
Quindio,GÉNOVA,2020,2660.0,3188.0,1200.0,2020
Quindio,GÉNOVA,2021,2563.0,2563.0,1000.0,2021
Quindio,GÉNOVA,2022,2373.99,2498.66,1050.0,2022
Quindio,GÉNOVA,2023,2325.21,2076.03,890.0,2023
Quindio,GÉNOVA,2024,2311.05,2860.44,1240.0,2024
Quindio,LA TEBAIDA,2019,279.12,446.59,1600.0,2019
Quindio,LA TEBAIDA,2020,419.0,525.0,1250.0,2020
Quindio,LA TEBAIDA,2021,426.14,464.49,1090.0,2021
Quindio,LA TEBAIDA,2022,415.4,525.3,1260.0,2022
Quindio,LA TEBAIDA,2023,254.62,598.01,2350.0,2023
Quindio,LA TEBAIDA,2024,292.76,392.3,1340.0,2024
Quindio,MONTENEGRO,2019,714.0,964.0,1350.0,2019
Quindio,MONTENEGRO,2020,786.0,981.0,1250.0,2020
Quindio,MONTENEGRO,2021,786.07,856.82,1090.0,2021
Quindio,MONTENEGRO,2022,789.43,901.98,1140.0,2022
Quindio,MONTENEGRO,2023,781.19,763.75,980.0,2023
Quindio,MONTENEGRO,2024,776.63,961.25,1240.0,2024
Quindio,PIJAO,2019,1223.35,1529.19,1250.0,2019
Quindio,PIJAO,2020,1188.0,1436.0,1210.0,2020
Quindio,PIJAO,2021,1167.61,1331.08,1140.0,2021
Quindio,PIJAO,2022,1247.68,1085.54,870.0,2022
Quindio,PIJAO,2023,1274.68,1261.1,990.0,2023
Quindio,PIJAO,2024,1212.82,1651.25,1360.0,2024
Quindio,QUIMBAYA,2019,1681.0,2387.02,1420.0,2019
Quindio,QUIMBAYA,2020,1797.0,2246.0,1250.0,2020
Quindio,QUIMBAYA,2021,1739.01,1982.47,1140.0,2021
Quindio,QUIMBAYA,2022,1559.4,1470.32,940.0,2022
Quindio,QUIMBAYA,2023,1546.1,2187.5,1410.0,2023
Quindio,QUIMBAYA,2024,1603.15,2797.8,1750.0,2024
Quindio,SALENTO,2019,498.0,649.0,1300.0,2019
Quindio,SALENTO,2020,512.0,616.0,1200.0,2020
Quindio,SALENTO,2021,352.76,384.51,1090.0,2021
Quindio,SALENTO,2022,369.33,303.71,820.0,2022
Quindio,SALENTO,2023,386.02,368.5,950.0,2023
Quindio,SALENTO,2024,375.26,464.47,1240.0,2024
Narino,PASTO,2019,277.13,308.0,1110.0,2019
Narino,PASTO,2020,311.0,186.6,600.0,2020
Narino,PASTO,2021,294.83,427.5,1450.0,2021
Narino,PASTO,2022,282.6,385.77,1370.0,2022
Narino,PASTO,2023,262.44,392.61,1500.0,2023
Narino,PASTO,2024,200.2,371.69,1860.0,2024
Narino,ALBÁN,2019,1626.0,2120.0,1300.0,2019
Narino,ALBÁN,2020,1660.0,2000.0,1200.0,2020
Narino,ALBÁN,2021,1652.53,1801.26,1090.0,2021
Narino,ALBÁN,2022,1577.89,1551.95,980.0,2022
Narino,ALBÁN,2023,1604.95,1342.82,840.0,2023
Narino,ALBÁN,2024,1536.66,1616.67,1050.0,2024
Narino,ANCUYA,2019,298.41,358.28,1200.0,2019
Narino,ANCUYA,2020,326.0,197.0,600.0,2020
Narino,ANCUYA,2021,331.08,360.88,1090.0,2021
Narino,ANCUYA,2022,323.79,215.25,660.0,2022
Narino,ANCUYA,2023,322.66,270.58,840.0,2023
Narino,ANCUYA,2024,329.1,325.87,990.0,2024
Narino,ARBOLEDA,2019,1563.0,2069.0,1320.0,2019
Narino,ARBOLEDA,2020,1608.0,1969.0,1220.0,2020
Narino,ARBOLEDA,2021,1580.97,1754.88,1110.0,2021
Narino,ARBOLEDA,2022,1451.32,1389.0,960.0,2022
Narino,ARBOLEDA,2023,1471.6,1516.7,1030.0,2023
Narino,ARBOLEDA,2024,1410.2,1658.17,1180.0,2024
Narino,BELÉN,2024,126.0,140.36,1110.0,2024
Narino,BUESACO,2019,2496.0,3315.0,1330.0,2019
Narino,BUESACO,2020,2599.0,3191.0,1230.0,2020
Narino,BUESACO,2021,2682.89,3004.84,1120.0,2021
Narino,BUESACO,2022,2624.97,2621.57,1000.0,2022
Narino,BUESACO,2023,2669.76,2525.12,950.0,2023
Narino,BUESACO,2024,2741.24,3223.26,1180.0,2024
Narino,COLÓN,2019,1803.0,2341.0,1300.0,2019
Narino,COLÓN,2020,1867.0,448.2,240.0,2020
Narino,COLÓN,2021,1903.79,2075.13,1090.0,2021
Narino,COLÓN,2022,1816.29,1657.75,910.0,2022
Narino,COLÓN,2023,1805.48,2470.04,1370.0,2023
Narino,COLÓN,2024,1598.32,2769.6,1730.0,2024
Narino,CONSACÁ,2019,1565.0,1990.0,1270.0,2019
Narino,CONSACÁ,2020,1771.0,2072.07,1170.0,2020
Narino,CONSACÁ,2021,1547.35,1547.35,1000.0,2021
Narino,CONSACÁ,2022,1507.32,686.18,460.0,2022
Narino,CONSACÁ,2023,1433.83,1330.91,930.0,2023
Narino,CONSACÁ,2024,1401.25,1647.65,1180.0,2024
Narino,CUMBAL,2019,48.0,14.4,300.0,2019
Narino,CUMBAL,2020,46.0,13.8,300.0,2020
Narino,CUMBAL,2021,47.0,32.43,690.0,2021
Narino,CUMBAL,2022,37.0,22.2,600.0,2022
Narino,CUMBAL,2023,37.0,22.2,600.0,2023
Narino,CUMBAL,2024,37.0,22.2,600.0,2024
Narino,CUMBITARA,2019,66.0,86.0,1300.0,2019
Narino,CUMBITARA,2020,69.0,83.0,1200.0,2020
Narino,CUMBITARA,2021,66.05,71.99,1090.0,2021
Narino,CUMBITARA,2023,66.54,42.67,640.0,2023
Narino,CUMBITARA,2024,60.74,48.11,790.0,2024
Narino,CHACHAGÜÍ,2019,390.0,499.0,1280.0,2019
Narino,CHACHAGÜÍ,2020,411.0,486.0,1180.0,2020
Narino,CHACHAGÜÍ,2021,418.49,380.83,910.0,2021
Narino,CHACHAGÜÍ,2022,409.56,192.75,470.0,2022
Narino,CHACHAGÜÍ,2023,397.26,189.73,480.0,2023
Narino,CHACHAGÜÍ,2024,363.22,269.74,740.0,2024
Narino,EL PEÑOL,2019,529.0,682.0,1290.0,2019
Narino,EL PEÑOL,2020,533.0,635.0,1190.0,2020
Narino,EL PEÑOL,2021,503.37,578.88,1150.0,2021
Narino,EL PEÑOL,2022,474.17,459.1,970.0,2022
Narino,EL PEÑOL,2023,487.19,519.01,1070.0,2023
Narino,EL PEÑOL,2024,484.78,567.27,1170.0,2024
Narino,EL ROSARIO,2019,664.0,857.0,1290.0,2019
Narino,EL ROSARIO,2020,673.0,401.5,600.0,2020
Narino,EL ROSARIO,2021,594.09,409.92,690.0,2021
Narino,EL ROSARIO,2022,500.41,358.75,720.0,2022
Narino,EL ROSARIO,2023,503.18,328.21,650.0,2023
Narino,EL ROSARIO,2024,549.63,442.19,800.0,2024
Narino,EL TABLÓN DE GÓMEZ,2019,1584.0,2075.0,1310.0,2019
Narino,EL TABLÓN DE GÓMEZ,2020,1647.0,1994.0,1210.0,2020
Narino,EL TABLÓN DE GÓMEZ,2021,1608.99,1898.61,1180.0,2021
Narino,EL TABLÓN DE GÓMEZ,2022,1554.96,1746.33,1120.0,2022
Narino,EL TABLÓN DE GÓMEZ,2023,1623.83,1573.6,970.0,2023
Narino,EL TABLÓN DE GÓMEZ,2024,1629.65,1956.55,1200.0,2024
Narino,EL TAMBO,2019,815.69,995.46,1220.0,2019
Narino,EL TAMBO,2020,853.0,956.0,1120.0,2020
Narino,EL TAMBO,2021,788.82,804.6,1020.0,2021
Narino,EL TAMBO,2022,616.12,812.83,1320.0,2022
Narino,EL TAMBO,2023,641.42,643.4,1000.0,2023
Narino,EL TAMBO,2024,614.39,760.45,1240.0,2024
Narino,FUNES,2019,197.4,240.16,1220.0,2019
Narino,FUNES,2020,206.0,239.0,1160.0,2020
Narino,FUNES,2021,216.89,232.07,1070.0,2021
Narino,FUNES,2022,213.68,188.46,880.0,2022
Narino,FUNES,2023,208.89,180.7,870.0,2023
Narino,FUNES,2024,206.05,229.54,1110.0,2024
Narino,GUAITARILLA,2019,94.0,119.0,1270.0,2019
Narino,GUAITARILLA,2020,98.0,115.0,1170.0,2020
Narino,GUAITARILLA,2021,98.88,107.78,1090.0,2021
Narino,GUAITARILLA,2022,99.31,82.84,830.0,2022
Narino,GUAITARILLA,2023,111.31,76.44,690.0,2023
Narino,GUAITARILLA,2024,117.4,100.27,850.0,2024
Narino,ILES,2019,10.0,10.0,1000.0,2019
Narino,ILES,2020,10.0,10.0,1000.0,2020
Narino,ILES,2021,9.64,8.77,910.0,2021
Narino,ILES,2022,9.18,7.32,800.0,2022
Narino,ILES,2023,5.73,7.08,1240.0,2023
Narino,ILES,2024,5.96,9.15,1540.0,2024
Narino,IMUÉS,2019,9.0,11.0,1220.0,2019
Narino,IMUÉS,2020,9.0,1.94,220.0,2020
Narino,IMUÉS,2021,8.23,8.07,980.0,2021
Narino,IMUÉS,2022,8.89,3.11,350.0,2022
Narino,IMUÉS,2023,6.1,3.45,570.0,2023
Narino,IMUÉS,2024,8.96,6.21,690.0,2024
Narino,LA CRUZ,2019,194.0,252.0,1300.0,2019
Narino,LA CRUZ,2020,192.0,231.0,1200.0,2020
Narino,LA CRUZ,2021,221.26,241.17,1090.0,2021
Narino,LA CRUZ,2022,235.01,192.14,820.0,2022
Narino,LA CRUZ,2023,232.18,242.19,1040.0,2023
Narino,LA CRUZ,2024,239.31,296.2,1240.0,2024
Narino,LA FLORIDA,2019,1072.0,1357.0,1270.0,2019
Narino,LA FLORIDA,2020,1123.0,1314.0,1170.0,2020
Narino,LA FLORIDA,2021,1092.04,1092.04,1000.0,2021
Narino,LA FLORIDA,2022,1047.3,1217.09,1160.0,2022
Narino,LA FLORIDA,2023,1025.65,997.82,970.0,2023
Narino,LA FLORIDA,2024,930.01,1024.48,1100.0,2024
Narino,LA LLANADA,2019,55.0,66.0,1200.0,2019
Narino,LA LLANADA,2020,55.0,66.0,1200.0,2020
Narino,LA LLANADA,2021,55.0,69.85,1270.0,2021
Narino,LA LLANADA,2022,55.0,69.85,1270.0,2022
Narino,LA LLANADA,2023,55.5,44.4,800.0,2023
Narino,LA LLANADA,2024,65.34,64.7,990.0,2024
Narino,LA UNIÓN,2019,3709.0,4850.0,1310.0,2019
Narino,LA UNIÓN,2020,3752.0,4536.0,1210.0,2020
Narino,LA UNIÓN,2021,3850.12,3850.12,1000.0,2021
Narino,LA UNIÓN,2022,3651.82,3388.71,930.0,2022
Narino,LA UNIÓN,2023,3559.03,3028.0,850.0,2023
Narino,LA UNIÓN,2024,3268.68,3519.78,1080.0,2024
Narino,LEIVA,2019,631.0,815.0,1290.0,2019
Narino,LEIVA,2020,658.0,314.8,480.0,2020
Narino,LEIVA,2021,616.67,370.0,600.0,2021
Narino,LEIVA,2022,575.16,411.75,720.0,2022
Narino,LEIVA,2023,594.96,485.48,820.0,2023
Narino,LEIVA,2024,580.91,560.83,970.0,2024
Narino,LINARES,2019,606.0,786.0,1300.0,2019
Narino,LINARES,2020,589.0,706.0,1200.0,2020
Narino,LINARES,2021,548.0,597.32,1090.0,2021
Narino,LINARES,2022,518.57,782.99,1510.0,2022
Narino,LINARES,2023,515.85,544.18,1050.0,2023
Narino,LINARES,2024,463.52,590.93,1270.0,2024
Narino,LOS ANDES,2019,538.0,704.0,1310.0,2019
Narino,LOS ANDES,2020,569.0,275.2,480.0,2020
Narino,LOS ANDES,2021,497.2,343.07,690.0,2021
Narino,LOS ANDES,2022,448.76,201.77,450.0,2022
Narino,LOS ANDES,2023,447.15,316.37,710.0,2023
Narino,LOS ANDES,2024,354.73,316.13,890.0,2024
Narino,MALLAMA,2019,40.0,51.0,1270.0,2019
Narino,MALLAMA,2020,39.0,47.0,1210.0,2020
Narino,MALLAMA,2021,34.98,31.83,910.0,2021
Narino,MALLAMA,2022,39.64,19.85,500.0,2022
Narino,MALLAMA,2023,40.13,20.32,510.0,2023
Narino,MALLAMA,2024,43.02,27.16,630.0,2024
Narino,POLICARPA,2019,208.0,259.0,1250.0,2019
Narino,POLICARPA,2020,211.0,243.0,1150.0,2020
Narino,POLICARPA,2021,212.35,212.35,1000.0,2021
Narino,POLICARPA,2022,205.97,228.38,1110.0,2022
Narino,POLICARPA,2023,217.17,178.89,820.0,2023
Narino,POLICARPA,2024,191.29,213.09,1110.0,2024
Narino,PROVIDENCIA,2019,78.01,58.35,750.0,2019
Narino,PROVIDENCIA,2020,84.0,102.0,1210.0,2020
Narino,PROVIDENCIA,2021,86.12,93.87,1090.0,2021
Narino,PROVIDENCIA,2022,84.03,89.53,1070.0,2022
Narino,PROVIDENCIA,2023,91.61,99.67,1090.0,2023
Narino,PROVIDENCIA,2024,98.91,134.66,1360.0,2024
Narino,RICAURTE,2019,2.0,2.0,1000.0,2019
Narino,RICAURTE,2020,2.0,2.0,1000.0,2020
Narino,RICAURTE,2021,1.09,0.99,910.0,2021
Narino,RICAURTE,2022,1.09,0.54,500.0,2022
Narino,RICAURTE,2023,1.42,0.47,330.0,2023
Narino,RICAURTE,2024,1.42,0.88,620.0,2024
Narino,SAMANIEGO,2019,1291.0,1679.0,1300.0,2019
Narino,SAMANIEGO,2020,1352.0,1624.0,1200.0,2020
Narino,SAMANIEGO,2021,1342.5,1463.32,1090.0,2021
Narino,SAMANIEGO,2022,1254.81,138.72,110.0,2022
Narino,SAMANIEGO,2023,1242.16,921.57,740.0,2023
Narino,SAMANIEGO,2024,1140.51,1157.55,1010.0,2024
Narino,SANDONÁ,2019,1059.0,1396.0,1320.0,2019
Narino,SANDONÁ,2020,1073.0,1308.0,1220.0,2020
Narino,SANDONÁ,2021,1025.95,707.91,690.0,2021
Narino,SANDONÁ,2022,940.62,745.4,790.0,2022
Narino,SANDONÁ,2023,971.22,658.05,680.0,2023
Narino,SANDONÁ,2024,973.98,819.76,840.0,2024
Narino,SAN BERNARDO,2019,286.31,343.9,1200.0,2019
Narino,SAN BERNARDO,2020,211.0,245.0,1160.0,2020
Narino,SAN BERNARDO,2021,247.5,378.68,1530.0,2021
Narino,SAN BERNARDO,2022,265.93,308.06,1160.0,2022
Narino,SAN BERNARDO,2023,299.57,269.76,900.0,2023
Narino,SAN BERNARDO,2024,324.95,361.99,1110.0,2024
Narino,SAN LORENZO,2019,2861.0,3719.0,1300.0,2019
Narino,SAN LORENZO,2020,2948.0,3543.0,1200.0,2020
Narino,SAN LORENZO,2021,3012.05,3012.05,1000.0,2021
Narino,SAN LORENZO,2022,2930.48,2549.91,870.0,2022
Narino,SAN LORENZO,2023,2902.61,2543.06,880.0,2023
Narino,SAN LORENZO,2024,2798.54,3048.17,1090.0,2024
Narino,SAN PABLO,2019,1001.0,1290.0,1290.0,2019
Narino,SAN PABLO,2020,1003.0,1194.0,1190.0,2020
Narino,SAN PABLO,2021,1007.82,1531.89,1520.0,2021
Narino,SAN PABLO,2022,989.38,1329.38,1340.0,2022
Narino,SAN PABLO,2023,1026.44,1029.85,1000.0,2023
Narino,SAN PABLO,2024,1026.99,1273.47,1240.0,2024
Narino,SAN PEDRO DE CARTAGO,2019,554.12,599.58,1080.0,2019
Narino,SAN PEDRO DE CARTAGO,2020,636.0,763.2,1200.0,2020
Narino,SAN PEDRO DE CARTAGO,2021,642.02,616.34,960.0,2021
Narino,SAN PEDRO DE CARTAGO,2022,623.73,485.14,780.0,2022
Narino,SAN PEDRO DE CARTAGO,2023,636.63,463.63,730.0,2023
Narino,SAN PEDRO DE CARTAGO,2024,634.55,549.77,870.0,2024
Narino,SANTACRUZ,2019,123.96,166.89,1350.0,2019
Narino,SANTACRUZ,2020,136.0,163.0,1200.0,2020
Narino,SANTACRUZ,2021,124.88,136.12,1090.0,2021
Narino,SANTACRUZ,2022,124.54,104.55,840.0,2022
Narino,SANTACRUZ,2023,133.58,123.3,920.0,2023
Narino,SANTACRUZ,2024,138.02,157.17,1140.0,2024
Narino,TAMINANGO,2019,1334.0,1759.0,1320.0,2019
Narino,TAMINANGO,2020,1463.0,1782.0,1220.0,2020
Narino,TAMINANGO,2021,1461.87,1725.01,1180.0,2021
Narino,TAMINANGO,2022,1375.46,1507.49,1100.0,2022
Narino,TAMINANGO,2023,1384.59,1417.16,1020.0,2023
Narino,TAMINANGO,2024,1336.97,1489.32,1110.0,2024
Narino,TANGUA,2019,85.0,54.5,640.0,2019
Narino,TANGUA,2020,92.0,21.6,230.0,2020
Narino,TANGUA,2021,92.66,109.34,1180.0,2021
Narino,TANGUA,2022,96.15,75.82,790.0,2022
Narino,TANGUA,2023,104.41,92.35,880.0,2023
Narino,TANGUA,2024,109.53,119.3,1090.0,2024
Narino,TÚQUERRES,2019,34.34,48.59,1410.0,2019
Narino,TÚQUERRES,2020,38.0,46.0,1210.0,2020
Narino,TÚQUERRES,2021,45.64,41.53,910.0,2021
Narino,TÚQUERRES,2022,53.02,24.44,460.0,2022
Narino,TÚQUERRES,2023,58.2,16.19,280.0,2023
Narino,TÚQUERRES,2024,62.48,21.65,350.0,2024
Narino,YACUANQUER,2019,371.0,483.0,1300.0,2019
Narino,YACUANQUER,2020,401.0,482.0,1200.0,2020
Narino,YACUANQUER,2021,415.92,415.92,1000.0,2021
Narino,YACUANQUER,2022,405.27,403.31,1000.0,2022
Narino,YACUANQUER,2023,431.52,355.02,820.0,2023
Narino,YACUANQUER,2024,464.81,471.75,1010.0,2024
