departamento,year,month,ndvi_mean,ndvi_min,ndvi_max,ndvi_std,evi_mean,evi_min,evi_max,evi_std
Narino,2012,1,0.49178370765949264,0.4311052961276592,0.5524621191913262,0.08581223253157494,0.31639091462021735,0.2827062405668532,0.3500755886735815,0.047637322890384706
Narino,2012,2,0.5037801730353212,0.47313992401293,0.5344204220577123,0.043331855721954596,0.3425565189849434,0.32170028206148354,0.3634127559084032,0.029495173117223415
Narino,2012,3,0.4809449089637689,0.47923411197876803,0.4826557059487698,0.002419432298655235,0.3311147229446164,0.32042405858106227,0.34180538730817056,0.015118882533717008
Narino,2012,4,0.5482118161015381,0.5326844557605649,0.5637391764425113,0.02195900358205844,0.35541767902524135,0.3312553802323723,0.3795799778181104,0.034170650650986505
Narino,2012,5,0.5149825765996005,0.5149825765996005,0.5149825765996005,,0.3544701487739549,0.3544701487739549,0.3544701487739549,
Narino,2012,6,0.5075887861165156,0.42932962564658356,0.5858479465864477,0.11067516611651033,0.3381155685290421,0.29909229721788283,0.3771388398402014,0.055187239536406384
Narino,2012,7,0.5292868476078976,0.47054240204699516,0.5880312931687999,0.08307719162631604,0.35522607959246333,0.3115293739570168,0.3989227852279099,0.061796473740673395
Narino,2012,8,0.47057446280408877,0.4614949365300715,0.47965398907810597,0.012840389196638002,0.32363561634858695,0.31604580709494007,0.3312254256022338,0.010733611182332183
Narino,2012,9,0.40185688712941026,0.3885098109013941,0.4152039633574264,0.018875616219687988,0.2906647741260139,0.28651775189470896,0.2948117963573188,0.005864775082974153
Narino,2012,10,0.4037530831165141,0.3867856593922978,0.42072050684073037,0.023995560749317673,0.2683820566169247,0.25088202471525606,0.28588208851859337,0.024748782457301638
Narino,2012,11,0.42454943873140255,0.38134572035688147,0.46775315710592363,0.06109928447019541,0.28241117944923066,0.2596914248898661,0.3051309340085953,0.03213058503164143
Narino,2012,12,0.39519283825937457,0.39273342142966616,0.397652255089083,0.0034781406361022674,0.2715210755391553,0.26702511732685813,0.2760170337514524,0.006358245079693319
Narino,2013,1,0.36789436333827846,0.3656951748064186,0.3700935518701383,0.003110122247971579,0.2569164375783505,0.25652278377382215,0.2573100913828788,0.0005567105492437269
Narino,2013,2,0.40783400419620675,0.3687863828377692,0.4468816255546442,0.055221675703511636,0.2905025154662185,0.25797382328546903,0.32303120764696797,0.04600251764827553
Narino,2013,3,0.4539448098756467,0.4227824415529297,0.48510717819836374,0.04407024391765212,0.30048954009517476,0.2877063465697405,0.31327273362060903,0.018078165654109093
Narino,2013,4,0.6143296277602409,0.6143296277602409,0.6143296277602409,,0.40884979225640744,0.40884979225640744,0.40884979225640744,
Narino,2013,5,0.4038220541742476,0.38625461702476127,0.42138949132373393,0.024844107872940516,0.2861785028327581,0.2628389627816627,0.3095180428838535,0.03300709407980915
Narino,2013,6,0.41073047756752523,0.4033240101581033,0.4181369449769471,0.010474326659678733,0.28645427779166,0.2826189730072385,0.2902895825760815,0.005423940041963321
Narino,2013,7,0.40365792686452195,0.38030715558021627,0.42700869814882764,0.033022977442137315,0.27899884666633146,0.26359818227168874,0.2943995110609742,0.02177982845646016
Narino,2013,8,0.3970602086641518,0.3752330080197306,0.41888740930857304,0.030868323179979264,0.2815495585910275,0.27009593025961265,0.29300318692244226,0.016197876524667563
Narino,2013,9,0.40757009677759504,0.3855692846233539,0.42957090893183614,0.031113846931750615,0.27700878413065305,0.2323857540482874,0.3216318142130187,0.06310649433666408
Narino,2013,10,0.4398836137279567,0.40853144220090953,0.47123578525500387,0.04433866618339769,0.3012930335544428,0.27042539700181456,0.3321606701070711,0.04365343025113039
Narino,2013,11,0.4609219732984967,0.3956994676822215,0.5261444789147719,0.09223855201449174,0.29504713312965425,0.25973060287797517,0.33036366338133333,0.04994511605788425
Narino,2013,12,0.44925429442029263,0.3984982678547929,0.5000103209857923,0.0717798611410988,0.30303325806614834,0.2776590728067866,0.3284074433255101,0.035884516927956855
Narino,2014,1,0.42172298089529875,0.357027461869465,0.4864184999211325,0.09149328043110071,0.28497480971213285,0.2501003161579797,0.319849303266286,0.049319981765176504
Narino,2014,2,0.3962891206667657,0.3361145367113997,0.45646370462213176,0.08509971273983712,0.28082049137570514,0.24766053801875104,0.31398044473265924,0.046895255765063724
Narino,2014,3,0.44829686779685285,0.3840407647421549,0.5125529708515508,0.09087185240519711,0.3155803202996871,0.2646138484079486,0.3665467921914256,0.07207747577560375
Narino,2014,4,0.5115994046686185,0.5115994046686185,0.5115994046686185,,0.36008639006243603,0.36008639006243603,0.36008639006243603,
Narino,2014,5,0.49364539445327144,0.43955437825903854,0.5477364106475043,0.07649624870442688,0.33257149815347387,0.2912809582034714,0.3738620381034764,0.05839364159500163
Narino,2014,6,0.5275311756688638,0.5070250673321275,0.5480372840056,0.029000016521304427,0.3534955643058304,0.3374595653516167,0.36953156326004416,0.022678327207249847
Narino,2014,7,0.5093344732441256,0.49965626256730034,0.5190126839209508,0.01368705679867029,0.34413163910712113,0.3317342101745173,0.35652906803972495,0.01753261213504492
Narino,2014,8,0.4568929879797707,0.4465725524416195,0.4672134235179219,0.014595299907650709,0.3188488821263795,0.31195017941083397,0.3257475848419251,0.009756238943104631
Narino,2014,9,0.47556851343464557,0.4722081822853312,0.47892884458396,0.004752225885425236,0.34146640964138836,0.33702534024625086,0.34590747903652586,0.006280620570043528
Narino,2014,10,0.4745314801681001,0.45772365184647174,0.49133930848972845,0.02376985876648544,0.3334236735728183,0.3268157091240199,0.34003163802161673,0.009345072943169963
Narino,2014,11,0.43609978966022084,0.4231164376695544,0.44908314165088725,0.018361232470264166,0.2914515522081365,0.27743246772920777,0.30547063668706526,0.019825979402155185
Narino,2014,12,0.4894891225111681,0.4609662775532567,0.5180119674690795,0.04033739417694336,0.33311390434611465,0.30940905312133526,0.3568187555708941,0.03352372209611951
Narino,2015,1,0.4531906911076574,0.38836216952977837,0.5180192126855364,0.09168137444403338,0.31221206493745124,0.2819947495286418,0.34242938034626075,0.04273373726964385
Narino,2015,2,0.4857950011146329,0.469032335046552,0.5025576671827139,0.02370598969501133,0.3403307364093886,0.34002667577776646,0.34063479704101074,0.00043000666902375765
Narino,2015,3,0.49004419315733655,0.4706583122329373,0.5094300740817358,0.027415775721835286,0.3368480717316892,0.32240245694536884,0.35129368651800946,0.020429184347631482
Narino,2015,4,0.5133051309183257,0.5133051309183257,0.5133051309183257,,0.3471910903979387,0.3471910903979387,0.3471910903979387,
Narino,2015,5,0.5582058876604259,0.5316762205954954,0.5847355547253565,0.03751861496846763,0.36365207220307766,0.35992935728453285,0.36737478712162247,0.005264713926654724
Narino,2015,6,0.5257891037595552,0.511197412834663,0.5403807946844473,0.020635767203938855,0.3506190769324399,0.3385328557304386,0.3627052981344411,0.01709249794171137
Narino,2015,7,0.5084322752164285,0.5004334640413937,0.5164310863914633,0.011312027246595668,0.3361256822656916,0.32330090462141337,0.34895045990996987,0.018136974478957575
Narino,2015,8,0.4301610136676028,0.40486135049066574,0.45546067684453984,0.035779126788295555,0.3042249463742625,0.2884921323582863,0.3199577603902387,0.022249558955687067
Narino,2015,9,0.46089071879028976,0.4549105238275981,0.46687091375298145,0.008457272821873807,0.3399960355105487,0.3361905127700307,0.3438015582510666,0.005381821871559745
Narino,2015,10,0.5129213798665935,0.4915397309152286,0.5343030288179583,0.030238217932920638,0.3641493132126701,0.36225689362214114,0.36604173280319907,0.0026762854506265825
Narino,2015,11,0.540077104213794,0.5095075345943741,0.5706466738332138,0.043231899951692035,0.34242863636124077,0.33584722429944025,0.34901004842304123,0.009307522197364108
Narino,2015,12,0.5607296506939661,0.5277914636089133,0.5936678377790188,0.046581630895663965,0.35902446779661934,0.3342233232642748,0.3838256123289639,0.035074114960017
Narino,2016,1,0.4825603156027882,0.4710840595151673,0.49403657169040915,0.016229877004380312,0.33272936406384734,0.3178834631697432,0.34757526495795144,0.020995274390088883
Narino,2016,2,0.3764553503502648,0.36715502454322596,0.38575567615730366,0.013152646890802824,0.27711962339035423,0.2634915835757279,0.29074766320498063,0.01927295873440512
Narino,2016,3,0.4583812487860216,0.4230156326535765,0.49374686491846664,0.05001453397618453,0.3180009080074585,0.29234180828921064,0.3436600077257064,0.036287446819829795
Narino,2016,4,0.4836842389928358,0.4524181975819528,0.5149502804037188,0.04421685980498958,0.3282577634703615,0.3093481257037722,0.3471674012369509,0.026742266189073167
Narino,2016,5,0.48383557936757104,0.48383557936757104,0.48383557936757104,,0.3313123633819327,0.3313123633819327,0.3313123633819327,
Narino,2016,6,0.4874587075984405,0.4727036194065256,0.5022137957903554,0.02086684583501716,0.32574437293010383,0.31971077721697727,0.3317779686432304,0.008532792887379749
Narino,2016,7,0.40497891889833426,0.35974061147415887,0.4502172263225096,0.06397662789807229,0.2766961241260602,0.2581882011094465,0.2952040471426739,0.02617415574145225
Narino,2016,8,0.43933683920379557,0.37784541538252736,0.5008282630250638,0.08696200553766952,0.2971665643713245,0.26515285006336986,0.32918027867927907,0.045274228956246984
Narino,2016,9,0.40558636963254285,0.37649323442898047,0.43467950483610523,0.04114390637683205,0.2874674736056563,0.260789033510965,0.3141459137003475,0.03772901180487051
Narino,2016,10,0.3718949346848893,0.3221409326306427,0.42164893673913595,0.07036278448745441,0.2665874083894342,0.24055626567033886,0.29261855110852947,0.03681359507741422
Narino,2016,11,0.4887255916691005,0.3400275466727587,0.6374236366654423,0.21029079193219133,0.3136037429432572,0.22207183971272873,0.40513564617378567,0.12944565893843507
Narino,2016,12,0.42785210467478774,0.37424480094682633,0.4814594084027492,0.07581217597433686,0.29608346930566526,0.2620404292429012,0.3301265093684293,0.048144128961171526
Narino,2017,1,0.646484420109324,0.5310672802369383,0.7619015599817098,0.16322448453784047,0.40227840286299976,0.3516075060981902,0.45294929962780933,0.07165946942240067
Narino,2017,2,0.5406194540062581,0.4856445797770046,0.5955943282355117,0.0777462127247655,0.38014859338245965,0.3533712540509619,0.40692593271395733,0.03786887644687058
Narino,2017,3,0.511635095552506,0.48832143011309076,0.5349487609919211,0.03297050185304987,0.37031642444983404,0.36043429961580126,0.38019854928386687,0.013975434965353148
Narino,2017,4,0.4738792076145546,0.4738792076145546,0.4738792076145546,,0.33716902603689586,0.33716902603689586,0.33716902603689586,
Narino,2017,5,0.5380898126346838,0.5066630330899962,0.5695165921793713,0.04444417785380659,0.361537164062042,0.3402017126051005,0.3828726155189835,0.030172884809759465
Narino,2017,6,0.49947477887598046,0.49253936081881106,0.5064101969331499,0.009808162277176256,0.3325129420931418,0.3313904378472288,0.3336354463390548,0.0015874607283915213
Narino,2017,7,0.548848025246713,0.548021292679903,0.5496747578135229,0.001169176408438201,0.3645722292512301,0.36134292648069916,0.367801532021761,0.004566923775093839
Narino,2017,8,0.5085560026542677,0.4801815253135414,0.5369304799949939,0.04012757068050307,0.3482611393355575,0.3283235774362316,0.36819870123488346,0.02819597043867983
Narino,2017,9,0.4464574642217122,0.3856348882744762,0.5072800401689481,0.08601611180304873,0.32850728303042787,0.3004616575897307,0.35655290847112503,0.03966250386346984
Narino,2017,10,0.42103803361884845,0.34334579441782664,0.49873027281987026,0.10987341836921967,0.2993471053332071,0.24849008124174649,0.35020412942466767,0.0719226932120788
Narino,2017,11,0.37597515563891737,0.35895878413095866,0.392991527146876,0.024064783368934296,0.266963387768841,0.24901824136478107,0.28490853417290096,0.025378269423392334
Narino,2017,12,0.4452399191702714,0.4234527667637107,0.46702707157683204,0.030811686418847708,0.30647726405244136,0.29298367393796376,0.31997085416691895,0.019082818144997737
Narino,2018,1,0.3741701476058707,0.3593229956789829,0.3890172995327585,0.020997043617618547,0.2575713491734627,0.2566359721408699,0.2585067262060554,0.001322822885424986
Narino,2018,2,0.5053810240872716,0.4663176714867659,0.5444443766877772,0.05524392303939741,0.3429808855668113,0.3185489764631921,0.3674127946704304,0.034551937209004895
Narino,2018,3,0.48457650193479535,0.44764793014471815,0.5215050737248725,0.052224887064595646,0.3349497547614995,0.31824639667210114,0.3516531128508979,0.023622115547201537
Narino,2018,4,0.4519659637980239,0.4519659637980239,0.4519659637980239,,0.31607975630733964,0.31607975630733964,0.31607975630733964,
Narino,2018,5,0.44325347417862926,0.4392519950851973,0.4472549532720613,0.0056589460034839325,0.3065167556376787,0.30562822657412897,0.30740528470122847,0.0012565698522347191
Narino,2018,6,0.4009195815132802,0.32111281483845105,0.48072634818810944,0.11286381180068862,0.2789048531351192,0.23098843531261104,0.32682127095762736,0.06776404794492694
Narino,2018,7,0.45981605686581783,0.4487166503985454,0.4709154633330902,0.01569693116030828,0.3130381335061363,0.2984222744043354,0.32765399260793726,0.02066994616750111
Narino,2018,8,0.42790761833838586,0.355730495148882,0.5000847415278897,0.10207386650766999,0.30586613850045874,0.26119826127147006,0.35053401572944737,0.06316991777965211
Narino,2018,9,0.45203435595390457,0.4125151331339556,0.49155357877385353,0.055888620886416135,0.2987224496319938,0.2842591848915446,0.3131857143724429,0.020454145152135752
Narino,2018,10,0.49566116149868744,0.438040903604103,0.5532814193932719,0.0814873501819567,0.35106015175912647,0.30593712582160715,0.3961831776966458,0.06381359525615277
Narino,2018,11,0.415816301462384,0.34800453058286424,0.48362807234190375,0.09590032606635372,0.2829588324622554,0.24232359203911094,0.3235940728853998,0.057466908116702284
Narino,2018,12,0.4815378434285619,0.4530327846022922,0.5100429022548315,0.04031224078835348,0.3327220480966757,0.3008444470056169,0.3645996491877346,0.045081735798894754
Narino,2019,1,0.42022201213463994,0.3364764908617734,0.5039675334075064,0.1184340519720924,0.29342289033423974,0.24108779556173293,0.3457579851067466,0.07401300081536041
Narino,2019,2,0.45715008222180353,0.4041947831131554,0.5101053813304517,0.07489010219897409,0.32243275888450545,0.2856175191627527,0.3592479986062582,0.05206461131651945
Narino,2019,3,0.4991031393598113,0.47892894290557525,0.5192773358140474,0.028530622235559914,0.3450564736888542,0.33542778342924073,0.3546851639484677,0.013617024353035119
Narino,2019,4,0.4805317815259539,0.4805317815259539,0.4805317815259539,,0.3332640487902201,0.3332640487902201,0.3332640487902201,
Narino,2019,5,0.5022738113775955,0.4469334269280007,0.5576141958271904,0.07826312223555819,0.32963941456137225,0.3035863744796186,0.3556924546431258,0.036844562624665775
Narino,2019,6,0.4762302056137924,0.46298472009403707,0.4894756911335478,0.01873194526225446,0.32387096689012457,0.31373020889650227,0.33401172488374686,0.014341197487324027
Narino,2019,7,0.4465310435044077,0.3999229806908771,0.4931391063179383,0.06591375454683207,0.3031878077946486,0.27467722698147945,0.3316983886078177,0.04032005005711794
Narino,2019,8,0.4423467386259785,0.4204046785981287,0.4642887986538284,0.031030758877789805,0.3032496292061294,0.29721927313416246,0.30927998527809636,0.0085282113429146
Narino,2019,9,0.3859491314361156,0.33668803886383497,0.4352102240083962,0.06966570521303579,0.2793233228702188,0.2468443112257497,0.311802334514688,0.04593225876008194
Narino,2019,10,0.42955863141699,0.38666702773620304,0.472450235097777,0.06065788763730071,0.2991221682941454,0.2820522526936549,0.31619208389463593,0.024140506150777775
Narino,2019,11,0.36239996977550726,0.3605509596099323,0.3642489799410822,0.0026148952531218424,0.25694998247214995,0.2513322939992244,0.2625676709450755,0.007944611227598302
Narino,2019,12,0.46197685148536083,0.399918133253006,0.5240355697177157,0.08776428098768671,0.3092265694798419,0.273283482197897,0.3451696567617868,0.05083120150768638
Quindio,2012,1,0.44785642574639184,0.42133766403652534,0.4743751874562583,0.03750319246743351,0.3261199552311938,0.3041196683635109,0.3481202420988767,0.031113104064375865
Quindio,2012,2,0.4670504178051647,0.4419801241220657,0.4921207114882637,0.03545474933931512,0.3392611912815069,0.3389550319414541,0.3395673506215597,0.00043297469094985444
Quindio,2012,3,0.5269793638105004,0.4901242567401533,0.5638344708808475,0.052120992261597415,0.4125421593565465,0.40073218410546,0.42435213460763294,0.016701827171377068
Quindio,2012,4,0.4156713169533363,0.3227664221223836,0.508576211784289,0.13138736228077938,0.303170607413928,0.2356197599360784,0.37072145489177755,0.09553132465297126
Quindio,2012,5,0.5112550437638436,0.5112550437638436,0.5112550437638436,,0.36221309402705204,0.36221309402705204,0.36221309402705204,
Quindio,2012,6,0.6767818382890295,0.6454849748984349,0.7080787016796241,0.04426044866671684,0.4636286204387098,0.4304519725480056,0.496805268329414,0.04691886540111065
Quindio,2012,7,0.6711884220049211,0.6348325117909909,0.7075443322188515,0.051415021296958734,0.4638866846710362,0.4304619144956136,0.49731145484645883,0.0472697633012864
Quindio,2012,8,0.5574482327883925,0.5179167754495063,0.5969796901272788,0.05590592310902631,0.40515592077868845,0.38933009881421815,0.4209817427431587,0.022381092057855895
Quindio,2012,9,0.5754807853106408,0.4941537323597897,0.656807838261492,0.11501382127092853,0.4209195325292845,0.38133367290080333,0.46050539215776565,0.05598285956479562
Quindio,2012,10,0.5854775186807115,0.5314484408612835,0.6395065965001395,0.07640865461474645,0.4102683506494734,0.4080149488289057,0.41252175247004114,0.0031867914161230835
Quindio,2012,11,0.5556707292302461,0.49943930294111555,0.6119021555193765,0.07952324568967133,0.39897385664435125,0.35925023238915876,0.4386974808995437,0.056177688168306
Quindio,2012,12,0.6684011376118981,0.5658246957529773,0.7709775794708189,0.14506499525686103,0.43099545883674084,0.41234220308173736,0.4496487145917444,0.026379687271139974
Quindio,2013,1,0.5364710725362211,0.468546716468853,0.6043954286035892,0.09605954556593117,0.40149781409132884,0.3512143934227173,0.45178123475994036,0.07111149547206201
Quindio,2013,2,0.4422304871714676,0.409184566688983,0.47527640765395224,0.04673398892743259,0.3282690926333767,0.3111048617113574,0.345433323555396,0.024273888157623342
Quindio,2013,3,0.4694410202685967,0.377431581097484,0.5614504594397094,0.1301209967421299,0.3407915213254933,0.2881558840854733,0.39342715856551325,0.07443803204898658
Quindio,2013,4,0.39467660794233184,0.39467660794233184,0.39467660794233184,,0.2900813307209183,0.2900813307209183,0.2900813307209183,
Quindio,2013,5,0.3950148775730091,0.36956429281488445,0.42046546233113385,0.03599256213526595,0.2944460711021536,0.29098265000832274,0.29790949219598445,0.0048980170831046535
Quindio,2013,6,0.598313699141872,0.5942109874831648,0.6024164108005792,0.005802110470249951,0.43534756669855235,0.433577089775688,0.43711804362141676,0.002503832476183383
Quindio,2013,7,0.6909332390988789,0.6738755702618822,0.7079909079358757,0.02412318661174974,0.48158732015090533,0.47270044479650564,0.49047419550530497,0.012567939653311232
Quindio,2013,8,0.5273004294529475,0.4917582974419903,0.5628425614639047,0.050264165125550535,0.38630944011065205,0.3628015571213682,0.40981732309993585,0.03324516694612495
Quindio,2013,9,0.7261995025070385,0.6927127200407284,0.7596862849733484,0.04735746192409326,0.44638247897106365,0.42112143270717983,0.4716435252349475,0.03572451422611875
Quindio,2013,10,0.4724292442248061,0.46175005076049425,0.48310843768911793,0.015102660232435925,0.3378296229906557,0.3215472241128189,0.35411202186849255,0.023026789321005315
Quindio,2013,11,0.49325228699164614,0.49312297199948923,0.493381601983803,0.00018287901572644396,0.3712871245083627,0.36436571745366775,0.37820853156305767,0.009788347727454433
Quindio,2013,12,0.5485158690601698,0.48234562946790294,0.6146861086524367,0.09357885025686094,0.36476501262286176,0.3324770440904621,0.39705298115526144,0.04566208299999535
Quindio,2014,1,0.5423111411559374,0.5349548733300469,0.5496674089818278,0.01040333372782314,0.3969239466886987,0.39552452333379146,0.39832337004360585,0.001979083488011436
Quindio,2014,2,0.40396959864777837,0.30390940562466157,0.5040297916708952,0.14150648202696156,0.3055140945440123,0.24318995922768216,0.3678382298603424,0.08813963742753006
Quindio,2014,3,0.6144149854585368,0.4895402679617209,0.7392897029553526,0.17659951908150573,0.44654412245836406,0.4057907268650211,0.48729751805170707,0.05763400476086159
Quindio,2014,4,0.4832714872223122,0.4832714872223122,0.4832714872223122,,0.37922052196949974,0.37922052196949974,0.37922052196949974,
Quindio,2014,5,0.5030120641039786,0.46580167711649545,0.5402224510914616,0.052623433938849946,0.3727974468601587,0.3472768207034958,0.39831807301682165,0.03609161563100624
Quindio,2014,6,0.6448305896068621,0.5747371424401402,0.7149240367735841,0.09912710361666016,0.4322329996693458,0.400053390792039,0.46441260854665267,0.045508839306148956
Quindio,2014,7,0.7213521452741165,0.7065382358312372,0.7361660547169959,0.02095003164588689,0.5019591518519745,0.5001142909642403,0.5038040127397087,0.0026090272881253277
Quindio,2014,8,0.674372238782039,0.6110332638524079,0.7377112137116703,0.08957483737229394,0.4261985660582316,0.4167877282848279,0.4356094038316353,0.013308934412440522
Quindio,2014,9,0.5953156434541096,0.5749950300005426,0.6156362569076766,0.028737687141775676,0.4510738999054581,0.42907648181668917,0.473071317994227,0.031109046998328265
Quindio,2014,10,0.5101590354758112,0.4699136119565515,0.550404458995071,0.056915623764386254,0.39139803146124363,0.34533483651717894,0.43746122640530827,0.06514319501613201
Quindio,2014,11,0.4895022731222717,0.40281419590829964,0.5761903503362437,0.12259545449204526,0.3554055304833484,0.29782975139647,0.4129813095702268,0.08142444764886063
Quindio,2014,12,0.7004897192563102,0.6284410972789868,0.7725383412336337,0.10189213835062315,0.47171532506246755,0.45489540037351206,0.48853524975142304,0.023786965613214917
Quindio,2015,1,0.5885276503234651,0.5857937435053926,0.5912615571415376,0.003866328100382413,0.41605350888308984,0.4133455300660232,0.4187614877001565,0.0038296603697146876
Quindio,2015,2,0.630759925153947,0.5743175954543696,0.6872022548535244,0.0798215081530761,0.4398641334934317,0.4036028273149741,0.4761254396718893,0.05128123098693807
Quindio,2015,3,0.4936251603243397,0.45857861725209353,0.5286717033965858,0.04956329652706327,0.37959175544471147,0.35276941552862623,0.4064140953607967,0.037932516883908966
Quindio,2015,4,0.560001282023425,0.560001282023425,0.560001282023425,,0.40411120010328494,0.40411120010328494,0.40411120010328494,
Quindio,2015,5,0.48100714141091444,0.46166298790827776,0.5003512949135511,0.027356764236055812,0.35336392643900627,0.3335883502051442,0.37313950267286833,0.027966888113670773
Quindio,2015,6,0.6686730722445633,0.6541964961002404,0.6831496483888863,0.0204729703200283,0.4483257330698106,0.40866642639678397,0.4879850397428373,0.056086729371308125
Quindio,2015,7,0.6080089558064117,0.5632484041733301,0.6527695074394931,0.06330097917880502,0.4034002672683805,0.39823306879004877,0.4085674657467122,0.007307522167530317
Quindio,2015,8,0.6458965753578292,0.640633711042766,0.6511594396728925,0.007442814091291772,0.4627211169294133,0.46157638975831444,0.46386584410051224,0.0016188886905850663
Quindio,2015,9,0.650776665259239,0.6326339965016881,0.6689193340167899,0.02565760821457113,0.4390900136307921,0.4011029488103324,0.47707707845125175,0.05372182226383993
Quindio,2015,10,0.4679755669130402,0.46340932904337784,0.47254180478270263,0.006457635524298173,0.36210792479615667,0.35944267934093616,0.3647731702513772,0.0037692262698261
Quindio,2015,11,0.5465281864127185,0.5201141628155284,0.5729422100099085,0.03735507040798922,0.3943182480000253,0.38329817579259334,0.40533832020745725,0.015584735574081078
Quindio,2015,12,0.7270202470656328,0.7175983479653061,0.7364421461659597,0.013324577490993004,0.4619973947775799,0.4527574767629709,0.4712373127921889,0.013067217371475521
Quindio,2016,1,0.6627324207512647,0.613634907539741,0.7118299339627884,0.06943436906252899,0.43814652620591393,0.42452098991098824,0.4517720625008396,0.01926941822289076
Quindio,2016,2,0.537475272244465,0.45383604570288366,0.6211144987860464,0.1182837285215001,0.39429709449212463,0.3403973104005045,0.44819687858374474,0.07622580567135075
Quindio,2016,3,0.550839322549608,0.4674342937661433,0.6342443513330727,0.1179525228756941,0.40492138723378446,0.336117816592643,0.47372495787492586,0.09730294274039752
Quindio,2016,4,0.6120137534608976,0.5885191795370314,0.6355083273847638,0.03322634508530888,0.4152480532592565,0.4063197019770417,0.42417640454147126,0.012626595472939336
Quindio,2016,5,0.4358514345403771,0.4358514345403771,0.4358514345403771,,0.3117034119160051,0.3117034119160051,0.3117034119160051,
Quindio,2016,6,0.5859968483554381,0.5579161755711654,0.6140775211397108,0.03971206829207956,0.4147604628219988,0.39963081643391085,0.42989010921008675,0.021396551115943085
Quindio,2016,7,0.6028740718997049,0.4958043840040183,0.7099437597953915,0.1514194047411344,0.4172360738373633,0.3556652854515742,0.4788068622231524,0.08707424398118674
Quindio,2016,8,0.6600943215067262,0.6200427860763927,0.7001458569370597,0.05664142459944412,0.4459410595197997,0.393591948018127,0.4982901710214724,0.07403282346384686
Quindio,2016,9,0.6319820400057543,0.6283310902370122,0.6356329897744964,0.00516322267849805,0.49808220170542983,0.48830445126964445,0.5078599521412152,0.013827827275787108
Quindio,2016,10,0.4578944521145317,0.45755433140763346,0.45823457282142993,0.00048100331653942605,0.3383899085560983,0.31869512379386156,0.35808469331833503,0.027852631718774168
Quindio,2016,11,0.6239564413065268,0.48077765299002906,0.7671352296230247,0.20248538428133764,0.40135640766409497,0.3230508778358568,0.47966193749233316,0.11074074229190538
Quindio,2016,12,0.4602880930620683,0.4324745260131024,0.4881016601110342,0.039334323738621016,0.320424891280524,0.3104516301713235,0.3303981523897244,0.014104321121719455
Quindio,2017,1,0.6039779052717977,0.5585590343436488,0.6493967761999466,0.06423198325426124,0.43274163591327885,0.4138964545733142,0.45158681725324357,0.026651111036358453
Quindio,2017,2,0.5199174531759322,0.3957986233547992,0.6440362829970652,0.17553053247892442,0.3875153089621214,0.31309607228053377,0.46193454564370895,0.10524469381655452
Quindio,2017,3,0.47641055992668174,0.38656402629372455,0.5662570935596389,0.1270621863959385,0.381177413557109,0.30988043245452473,0.45247439465969325,0.10082915763153293
Quindio,2017,4,0.5110831103837633,0.5110831103837633,0.5110831103837633,,0.3808157128221302,0.3808157128221302,0.3808157128221302,
Quindio,2017,5,0.5143808633822425,0.4240889884396756,0.6046727383248095,0.12769199411587362,0.374909432046144,0.32221369212951684,0.42760517196277115,0.07452303006937937
Quindio,2017,6,0.5290134613488947,0.4433106936399495,0.6147162290578398,0.12120201642690118,0.3821733753631388,0.31715949035532165,0.44718726037095585,0.09194351792061976
Quindio,2017,7,0.5863599086297895,0.5843922084052364,0.5883276088543425,0.0027827483442475214,0.41354139695331915,0.39756906388966207,0.4295137300169763,0.022588290041364114
Quindio,2017,8,0.6458368746422396,0.5943063076277059,0.6973674416567732,0.07287522674872914,0.4530485380396877,0.38920626425303767,0.5168908118263377,0.09028660944181674
Quindio,2017,9,0.4414241936672789,0.36645777346716085,0.5163906138673969,0.1060185281695673,0.3361270283955372,0.2696770931608713,0.4025769636302032,0.09397439962767835
Quindio,2017,10,0.49020309648985105,0.4668123695365765,0.5135938234431255,0.033079483291086745,0.38418067370318976,0.3591584336889104,0.40920291371746914,0.035386791189148656
Quindio,2017,11,0.47772929420783283,0.46693791070852864,0.4885206777071371,0.015261320901485284,0.3385175477379852,0.33272291315515834,0.34431218232081207,0.008194850816029912
Quindio,2017,12,0.5803249121715489,0.49076965312664916,0.6698801712164486,0.126650261923133,0.4063656779248559,0.33500000224949233,0.47773135360021945,0.10092630642801884
Quindio,2018,1,0.5031052093797012,0.43510191570794804,0.5711085030514543,0.09617118019663379,0.3499235651678356,0.3096348345067002,0.3902122958289711,0.05697686931177452
Quindio,2018,2,0.6195247369693413,0.49411803337211,0.7449314405665727,0.17735186103970738,0.40614392339824495,0.3361837493400077,0.4761040974564822,0.09893862697914146
Quindio,2018,3,0.5635926042355025,0.5422093193341487,0.5849758891368563,0.030240531515582335,0.4450836216933343,0.42900938157585716,0.4611578618108115,0.022732408378977886
Quindio,2018,4,0.4375998723937063,0.4375998723937063,0.4375998723937063,,0.3370968111686415,0.3370968111686415,0.3370968111686415,
Quindio,2018,5,0.40582933169703617,0.3465917824060976,0.4650668809879747,0.08377454560899002,0.3134466818808139,0.27087625690878875,0.35601710685283916,0.06020367235142435
Quindio,2018,6,0.4969887501402569,0.48845322943579084,0.505524270844723,0.012071049142172257,0.3554675930165778,0.35296530844253116,0.35796987759062443,0.0035387647815337568
Quindio,2018,7,0.6135389743341214,0.572262790029636,0.6548151586386068,0.05837333964641477,0.4401021773962713,0.4023813344257655,0.47782302036677704,0.05334532771303507
Quindio,2018,8,0.6949354721290211,0.6325774290066228,0.7572935152514194,0.08818759030674192,0.47270913160320105,0.4508616473284493,0.49455661587795285,0.030897008565086866
Quindio,2018,9,0.591328955365455,0.5058388742486202,0.6768190364822898,0.12090123216380387,0.4141298763161434,0.3744481263478886,0.45381162628439814,0.05611846898380405
Quindio,2018,10,0.49772034233950524,0.485212531515395,0.5102281531636155,0.01768871570305369,0.36047862277837484,0.35178529648853546,0.36917194906821427,0.012294219941225483
Quindio,2018,11,0.45845872025873957,0.4032423207274746,0.5136751197900045,0.07808778108252624,0.3369405571805836,0.29591902097027484,0.3779620933908923,0.05801321285799763
Quindio,2018,12,0.6834254609950157,0.6026351597247548,0.7642157622652765,0.11425473976461123,0.4552664042908554,0.45054257723223834,0.45999023134947253,0.006680500292601324
Quindio,2019,1,0.676561812524936,0.6379954960671064,0.7151281289827655,0.05454100778543528,0.46239332915835596,0.4621604544957742,0.4626262038209378,0.00032933450615624395
Quindio,2019,2,0.5278474259079823,0.5108414164208506,0.544853435395114,0.02405012925854719,0.3944568968347002,0.38330199285069066,0.4056118008187098,0.015775416501155975
Quindio,2019,3,0.45693256456327186,0.3991015584008675,0.5147635707256762,0.08178539324055432,0.3512134580028081,0.30662505997082207,0.39580185603479423,0.06305751722132456
Quindio,2019,4,0.5818881612319619,0.5818881612319619,0.5818881612319619,,0.45780636146410914,0.45780636146410914,0.45780636146410914,
Quindio,2019,5,0.4804723235553971,0.45157128281427295,0.5093733642965212,0.040872243782795144,0.3581863934514087,0.33343893611702363,0.3829338507857937,0.034998189796536835
Quindio,2019,6,0.45887927373248183,0.42426424274393776,0.49349430472102596,0.04895304628596405,0.3243234005180653,0.29488296974304345,0.3537638312930871,0.04163505648414208
Quindio,2019,7,0.6677586700225429,0.58412821928087,0.7513891207642156,0.11827131766624878,0.4326506723554751,0.4114744241338715,0.45382692057707874,0.02994773743517099
Quindio,2019,8,0.6947347791889554,0.69002347895429,0.6994460794236209,0.006662784688275472,0.46114948391223165,0.4418378749762905,0.4804610928481728,0.027310739268453413
Quindio,2019,9,0.5573864202012084,0.5286869193705707,0.5860859210318462,0.04058722330802584,0.41310016013660583,0.3729669039374836,0.45323341633572806,0.056756995218992745
Quindio,2019,10,0.41188257264835926,0.3245250004798156,0.4992401448169029,0.12354226333674083,0.3088630662818167,0.24632408523109925,0.3714020473325342,0.08844347517891865
Quindio,2019,11,0.46196794291174037,0.40829852953449985,0.5156373562889809,0.07590001228270156,0.3320081924412254,0.30292896714644446,0.3610874177360064,0.041124234795182
Quindio,2019,12,0.5887497077393249,0.5265711465085897,0.6509282689700602,0.08793376458135173,0.4276326899785855,0.393523006112809,0.461742373844362,0.04823837753123988
