time,lat,lon,precip_mm_day,year,month,days_in_month,precip_mm_month,departamento
2018-01-01,4.5,-75.5,4.770967741935484,2018,1,31,147.9,Quindío
2018-02-01,4.5,-75.5,3.757142857142857,2018,2,28,105.2,Quindío
2018-03-01,4.5,-75.5,4.816129032258065,2018,3,31,149.3,Quindío
2018-04-01,4.5,-75.5,9.726666666666667,2018,4,30,291.8,Quindío
2018-05-01,4.5,-75.5,9.45483870967742,2018,5,31,293.1,Quindío
2018-06-01,4.5,-75.5,2.643333333333333,2018,6,30,79.3,Quindío
2018-07-01,4.5,-75.5,2.264516129032258,2018,7,31,70.2,Quindío
2018-08-01,4.5,-75.5,1.7645161290322582,2018,8,31,54.7,Quindío
2018-09-01,4.5,-75.5,6.069999999999999,2018,9,30,182.1,Quindío
2018-10-01,4.5,-75.5,10.761290322580646,2018,10,31,333.6,Quindío
2018-11-01,4.5,-75.5,11.49,2018,11,30,344.7,Quindío
2018-12-01,4.5,-75.5,2.703225806451613,2018,12,31,83.8,Quindío
2019-01-01,4.5,-75.5,2.864516129032258,2019,1,31,88.8,Quindío
2019-02-01,4.5,-75.5,7.424999999999999,2019,2,28,207.89999999999998,Quindío
2019-03-01,4.5,-75.5,8.90967741935484,2019,3,31,276.2,Quindío
2019-04-01,4.5,-75.5,11.793333333333333,2019,4,30,353.8,Quindío
2019-05-01,4.5,-75.5,10.270967741935483,2019,5,31,318.4,Quindío
2019-06-01,4.5,-75.5,4.236666666666666,2019,6,30,127.1,Quindío
2019-07-01,4.5,-75.5,1.5032258064516129,2019,7,31,46.6,Quindío
2019-08-01,4.5,-75.5,0.6387096774193549,2019,8,31,19.8,Quindío
2019-09-01,4.5,-75.5,4.22,2019,9,30,126.6,Quindío
2019-10-01,4.5,-75.5,10.261290322580646,2019,10,31,318.1,Quindío
2019-11-01,4.5,-75.5,8.433333333333334,2019,11,30,253.0,Quindío
2019-12-01,4.5,-75.5,6.319354838709677,2019,12,31,195.9,Quindío
2020-01-01,4.5,-75.5,3.1580645161290324,2020,1,31,97.9,Quindío
2020-02-01,4.5,-75.5,4.486206896551724,2020,2,29,130.1,Quindío
2020-03-01,4.5,-75.5,4.612903225806452,2020,3,31,143.0,Quindío
2020-04-01,4.5,-75.5,8.203333333333333,2020,4,30,246.1,Quindío
2020-05-01,4.5,-75.5,5.064516129032258,2020,5,31,157.0,Quindío
2020-06-01,4.5,-75.5,5.86,2020,6,30,175.8,Quindío
2020-07-01,4.5,-75.5,6.516129032258065,2020,7,31,202.0,Quindío
2020-08-01,4.5,-75.5,7.787096774193548,2020,8,31,241.4,Quindío
2020-09-01,4.5,-75.5,6.7,2020,9,30,201.0,Quindío
2020-10-01,4.5,-75.5,4.367741935483871,2020,10,31,135.4,Quindío
2020-11-01,4.5,-75.5,12.113333333333335,2020,11,30,363.40000000000003,Quindío
2020-12-01,4.5,-75.5,6.383870967741935,2020,12,31,197.9,Quindío
2021-01-01,4.5,-75.5,2.9387096774193546,2021,1,31,91.1,Quindío
2021-02-01,4.5,-75.5,5.0249999999999995,2021,2,28,140.7,Quindío
2021-03-01,4.5,-75.5,12.361290322580645,2021,3,31,383.2,Quindío
2021-04-01,4.5,-75.5,8.75,2021,4,30,262.5,Quindío
2021-05-01,4.5,-75.5,8.64516129032258,2021,5,31,268.0,Quindío
2021-06-01,4.5,-75.5,10.153333333333334,2021,6,30,304.6,Quindío
2021-07-01,4.5,-75.5,3.2161290322580642,2021,7,31,99.69999999999999,Quindío
2021-08-01,4.5,-75.5,10.39032258064516,2021,8,31,322.09999999999997,Quindío
2021-09-01,4.5,-75.5,7.966666666666667,2021,9,30,239.0,Quindío
2021-10-01,4.5,-75.5,8.525806451612903,2021,10,31,264.3,Quindío
2021-11-01,4.5,-75.5,9.686666666666667,2021,11,30,290.6,Quindío
2021-12-01,4.5,-75.5,3.1193548387096777,2021,12,31,96.7,Quindío
2022-01-01,4.5,-75.5,3.109677419354839,2022,1,31,96.4,Quindío
2022-02-01,4.5,-75.5,7.8428571428571425,2022,2,28,219.6,Quindío
2022-03-01,4.5,-75.5,8.464516129032257,2022,3,31,262.4,Quindío
2022-04-01,4.5,-75.5,9.746666666666666,2022,4,30,292.4,Quindío
2022-05-01,4.5,-75.5,5.806451612903226,2022,5,31,180.0,Quindío
2022-06-01,4.5,-75.5,8.68,2022,6,30,260.4,Quindío
2022-07-01,4.5,-75.5,2.5677419354838706,2022,7,31,79.6,Quindío
2022-08-01,4.5,-75.5,2.429032258064516,2022,8,31,75.3,Quindío
2022-09-01,4.5,-75.5,4.83,2022,9,30,144.9,Quindío
2022-10-01,4.5,-75.5,10.64516129032258,2022,10,31,330.0,Quindío
2022-11-01,4.5,-75.5,8.639999999999999,2022,11,30,259.2,Quindío
2022-12-01,4.5,-75.5,3.7290322580645165,2022,12,31,115.60000000000001,Quindío
2023-01-01,4.5,-75.5,5.874193548387097,2023,1,31,182.1,Quindío
2023-02-01,4.5,-75.5,2.582142857142857,2023,2,28,72.3,Quindío
2023-03-01,4.5,-75.5,11.990322580645161,2023,3,31,371.7,Quindío
2023-04-01,4.5,-75.5,4.713333333333334,2023,4,30,141.4,Quindío
2023-05-01,4.5,-75.5,5.932258064516129,2023,5,31,183.9,Quindío
2023-06-01,4.5,-75.5,2.1766666666666667,2023,6,30,65.3,Quindío
2023-07-01,4.5,-75.5,5.403225806451613,2023,7,31,167.5,Quindío
2023-08-01,4.5,-75.5,4.225806451612903,2023,8,31,131.0,Quindío
2023-09-01,4.5,-75.5,2.9633333333333334,2023,9,30,88.9,Quindío
2023-10-01,4.5,-75.5,8.290322580645162,2023,10,31,257.0,Quindío
2023-11-01,4.5,-75.5,7.760000000000001,2023,11,30,232.8,Quindío
2023-12-01,4.5,-75.5,6.880645161290323,2023,12,31,213.3,Quindío
2024-01-01,4.5,-75.5,1.7677419354838708,2024,1,31,54.8,Quindío
2024-02-01,4.5,-75.5,4.268965517241379,2024,2,29,123.8,Quindío
2024-03-01,4.5,-75.5,5.506451612903226,2024,3,31,170.70000000000002,Quindío
2024-04-01,4.5,-75.5,10.553333333333335,2024,4,30,316.6,Quindío
2024-05-01,4.5,-75.5,9.664516129032258,2024,5,31,299.59999999999997,Quindío
2024-06-01,4.5,-75.5,9.673333333333334,2024,6,30,290.2,Quindío
2024-07-01,4.5,-75.5,4.506451612903225,2024,7,31,139.7,Quindío
2024-08-01,4.5,-75.5,2.796774193548387,2024,8,31,86.7,Quindío
2024-09-01,4.5,-75.5,1.8966666666666667,2024,9,30,56.9,Quindío
2024-10-01,4.5,-75.5,8.829032258064515,2024,10,31,273.7,Quindío
2024-11-01,4.5,-75.5,8.176666666666668,2024,11,30,245.3,Quindío
2024-12-01,4.5,-75.5,5.125806451612903,2024,12,31,158.9,Quindío
2018-01-01,-1.5,-79.5,3.564516129032258,2018,1,31,110.5,Nariño
2018-02-01,-1.5,-79.5,13.049999999999999,2018,2,28,365.4,Nariño
2018-03-01,-1.5,-79.5,5.812903225806451,2018,3,31,180.2,Nariño
2018-04-01,-1.5,-79.5,4.19,2018,4,30,125.7,Nariño
2018-05-01,-1.5,-79.5,5.77741935483871,2018,5,31,179.1,Nariño
2018-06-01,-1.5,-79.5,0.32,2018,6,30,9.6,Nariño
2018-07-01,-1.5,-79.5,0.25806451612903225,2018,7,31,8.0,Nariño
2018-08-01,-1.5,-79.5,0.12903225806451613,2018,8,31,4.0,Nariño
2018-09-01,-1.5,-79.5,0.16666666666666666,2018,9,30,5.0,Nariño
2018-10-01,-1.5,-79.5,0.14838709677419354,2018,10,31,4.6,Nariño
2018-11-01,-1.5,-79.5,0.5333333333333333,2018,11,30,16.0,Nariño
2018-12-01,-1.5,-79.5,2.583870967741935,2018,12,31,80.1,Nariño
2019-01-01,-1.5,-79.5,11.374193548387098,2019,1,31,352.6,Nariño
2019-02-01,-1.5,-79.5,19.082142857142856,2019,2,28,534.3,Nariño
2019-03-01,-1.5,-79.5,13.074193548387097,2019,3,31,405.3,Nariño
2019-04-01,-1.5,-79.5,8.796666666666665,2019,4,30,263.9,Nariño
2019-05-01,-1.5,-79.5,5.919354838709677,2019,5,31,183.5,Nariño
2019-06-01,-1.5,-79.5,0.7466666666666666,2019,6,30,22.4,Nariño
2019-07-01,-1.5,-79.5,0.21935483870967742,2019,7,31,6.8,Nariño
2019-08-01,-1.5,-79.5,0.03225806451612903,2019,8,31,1.0,Nariño
2019-09-01,-1.5,-79.5,0.25,2019,9,30,7.5,Nariño
2019-10-01,-1.5,-79.5,0.5387096774193548,2019,10,31,16.7,Nariño
2019-11-01,-1.5,-79.5,0.98,2019,11,30,29.4,Nariño
2019-12-01,-1.5,-79.5,1.532258064516129,2019,12,31,47.5,Nariño
2020-01-01,-1.5,-79.5,5.27741935483871,2020,1,31,163.6,Nariño
2020-02-01,-1.5,-79.5,11.351724137931035,2020,2,29,329.2,Nariño
2020-03-01,-1.5,-79.5,10.303225806451612,2020,3,31,319.4,Nariño
2020-04-01,-1.5,-79.5,13.830000000000002,2020,4,30,414.90000000000003,Nariño
2020-05-01,-1.5,-79.5,1.0612903225806452,2020,5,31,32.9,Nariño
2020-06-01,-1.5,-79.5,0.4666666666666667,2020,6,30,14.0,Nariño
2020-07-01,-1.5,-79.5,0.14838709677419354,2020,7,31,4.6,Nariño
2020-08-01,-1.5,-79.5,0.25483870967741934,2020,8,31,7.9,Nariño
2020-09-01,-1.5,-79.5,0.013333333333333332,2020,9,30,0.39999999999999997,Nariño
2020-10-01,-1.5,-79.5,0.2838709677419355,2020,10,31,8.8,Nariño
2020-11-01,-1.5,-79.5,0.2733333333333333,2020,11,30,8.2,Nariño
2020-12-01,-1.5,-79.5,2.5612903225806454,2020,12,31,79.4,Nariño
2021-01-01,-1.5,-79.5,8.329032258064515,2021,1,31,258.2,Nariño
2021-02-01,-1.5,-79.5,7.732142857142857,2021,2,28,216.5,Nariño
2021-03-01,-1.5,-79.5,21.67096774193548,2021,3,31,671.8,Nariño
2021-04-01,-1.5,-79.5,10.6,2021,4,30,318.0,Nariño
2021-05-01,-1.5,-79.5,1.303225806451613,2021,5,31,40.4,Nariño
2021-06-01,-1.5,-79.5,0.4266666666666667,2021,6,30,12.8,Nariño
2021-07-01,-1.5,-79.5,0.08064516129032258,2021,7,31,2.5,Nariño
2021-08-01,-1.5,-79.5,0.035483870967741936,2021,8,31,1.1,Nariño
2021-09-01,-1.5,-79.5,0.30333333333333334,2021,9,30,9.1,Nariño
2021-10-01,-1.5,-79.5,0.7290322580645161,2021,10,31,22.599999999999998,Nariño
2021-11-01,-1.5,-79.5,0.18333333333333332,2021,11,30,5.5,Nariño
2021-12-01,-1.5,-79.5,1.7225806451612902,2021,12,31,53.4,Nariño
2022-01-01,-1.5,-79.5,10.041935483870969,2022,1,31,311.3,Nariño
2022-02-01,-1.5,-79.5,10.614285714285714,2022,2,28,297.2,Nariño
2022-03-01,-1.5,-79.5,24.23225806451613,2022,3,31,751.2,Nariño
2022-04-01,-1.5,-79.5,5.6433333333333335,2022,4,30,169.3,Nariño
2022-05-01,-1.5,-79.5,1.7129032258064516,2022,5,31,53.1,Nariño
2022-06-01,-1.5,-79.5,0.5266666666666666,2022,6,30,15.799999999999999,Nariño
2022-07-01,-1.5,-79.5,0.17096774193548386,2022,7,31,5.3,Nariño
2022-08-01,-1.5,-79.5,0.08064516129032258,2022,8,31,2.5,Nariño
2022-09-01,-1.5,-79.5,0.23999999999999996,2022,9,30,7.199999999999999,Nariño
2022-10-01,-1.5,-79.5,0.08387096774193549,2022,10,31,2.6,Nariño
2022-11-01,-1.5,-79.5,0.03333333333333333,2022,11,30,1.0,Nariño
2022-12-01,-1.5,-79.5,1.7322580645161292,2022,12,31,53.7,Nariño
2023-01-01,-1.5,-79.5,6.093548387096774,2023,1,31,188.9,Nariño
2023-02-01,-1.5,-79.5,17.335714285714285,2023,2,28,485.4,Nariño
2023-03-01,-1.5,-79.5,21.66774193548387,2023,3,31,671.7,Nariño
2023-04-01,-1.5,-79.5,18.1,2023,4,30,543.0,Nariño
2023-05-01,-1.5,-79.5,8.019354838709678,2023,5,31,248.6,Nariño
2023-06-01,-1.5,-79.5,2.0733333333333333,2023,6,30,62.2,Nariño
2023-07-01,-1.5,-79.5,0.967741935483871,2023,7,31,30.0,Nariño
2023-08-01,-1.5,-79.5,0.12258064516129032,2023,8,31,3.8,Nariño
2023-09-01,-1.5,-79.5,0.09666666666666668,2023,9,30,2.9000000000000004,Nariño
2023-10-01,-1.5,-79.5,2.47741935483871,2023,10,31,76.8,Nariño
2023-11-01,-1.5,-79.5,2.07,2023,11,30,62.099999999999994,Nariño
2023-12-01,-1.5,-79.5,4.248387096774193,2023,12,31,131.7,Nariño
2024-01-01,-1.5,-79.5,4.825806451612903,2024,1,31,149.6,Nariño
2024-02-01,-1.5,-79.5,22.696551724137933,2024,2,29,658.2,Nariño
2024-03-01,-1.5,-79.5,5.764516129032258,2024,3,31,178.70000000000002,Nariño
2024-04-01,-1.5,-79.5,6.180000000000001,2024,4,30,185.4,Nariño
2024-05-01,-1.5,-79.5,3.3741935483870966,2024,5,31,104.6,Nariño
2024-06-01,-1.5,-79.5,0.36000000000000004,2024,6,30,10.8,Nariño
2024-07-01,-1.5,-79.5,0.10967741935483871,2024,7,31,3.4,Nariño
2024-08-01,-1.5,-79.5,0.012903225806451613,2024,8,31,0.4,Nariño
2024-09-01,-1.5,-79.5,0.07333333333333333,2024,9,30,2.2,Nariño
2024-10-01,-1.5,-79.5,0.11612903225806451,2024,10,31,3.5999999999999996,Nariño
2024-11-01,-1.5,-79.5,0.05333333333333334,2024,11,30,1.6,Nariño
2024-12-01,-1.5,-79.5,5.061290322580645,2024,12,31,156.9,Nariño
2018-01-01,-1.5,-78.5,4.538709677419354,2018,1,31,140.7,Nariño
2018-02-01,-1.5,-78.5,1.6,2018,2,28,44.800000000000004,Nariño
2018-03-01,-1.5,-78.5,1.6451612903225807,2018,3,31,51.0,Nariño
2018-04-01,-1.5,-78.5,4.46,2018,4,30,133.8,Nariño
2018-05-01,-1.5,-78.5,5.587096774193548,2018,5,31,173.2,Nariño
2018-06-01,-1.5,-78.5,5.3100000000000005,2018,6,30,159.3,Nariño
2018-07-01,-1.5,-78.5,5.861290322580645,2018,7,31,181.7,Nariño
2018-08-01,-1.5,-78.5,5.848387096774194,2018,8,31,181.3,Nariño
2018-09-01,-1.5,-78.5,2.5133333333333336,2018,9,30,75.4,Nariño
2018-10-01,-1.5,-78.5,1.1516129032258065,2018,10,31,35.7,Nariño
2018-11-01,-1.5,-78.5,1.8433333333333333,2018,11,30,55.3,Nariño
2018-12-01,-1.5,-78.5,3.5258064516129033,2018,12,31,109.3,Nariño
2019-01-01,-1.5,-78.5,4.451612903225806,2019,1,31,138.0,Nariño
2019-02-01,-1.5,-78.5,3.085714285714286,2019,2,28,86.4,Nariño
2019-03-01,-1.5,-78.5,2.267741935483871,2019,3,31,70.3,Nariño
2019-04-01,-1.5,-78.5,3.0200000000000005,2019,4,30,90.60000000000001,Nariño
2019-05-01,-1.5,-78.5,5.619354838709677,2019,5,31,174.2,Nariño
2019-06-01,-1.5,-78.5,10.803333333333335,2019,6,30,324.1,Nariño
2019-07-01,-1.5,-78.5,6.883870967741935,2019,7,31,213.4,Nariño
2019-08-01,-1.5,-78.5,8.23225806451613,2019,8,31,255.2,Nariño
2019-09-01,-1.5,-78.5,2.6866666666666665,2019,9,30,80.6,Nariño
2019-10-01,-1.5,-78.5,2.232258064516129,2019,10,31,69.2,Nariño
2019-11-01,-1.5,-78.5,1.6366666666666667,2019,11,30,49.1,Nariño
2019-12-01,-1.5,-78.5,2.0999999999999996,2019,12,31,65.1,Nariño
2020-01-01,-1.5,-78.5,4.699999999999999,2020,1,31,145.7,Nariño
2020-02-01,-1.5,-78.5,2.575862068965517,2020,2,29,74.7,Nariño
2020-03-01,-1.5,-78.5,3.2096774193548385,2020,3,31,99.5,Nariño
2020-04-01,-1.5,-78.5,6.41,2020,4,30,192.3,Nariño
2020-05-01,-1.5,-78.5,7.448387096774193,2020,5,31,230.9,Nariño
2020-06-01,-1.5,-78.5,5.826666666666667,2020,6,30,174.8,Nariño
2020-07-01,-1.5,-78.5,4.361290322580645,2020,7,31,135.2,Nariño
2020-08-01,-1.5,-78.5,2.806451612903226,2020,8,31,87.0,Nariño
2020-09-01,-1.5,-78.5,4.069999999999999,2020,9,30,122.1,Nariño
2020-10-01,-1.5,-78.5,2.7709677419354835,2020,10,31,85.89999999999999,Nariño
2020-11-01,-1.5,-78.5,3.08,2020,11,30,92.4,Nariño
2020-12-01,-1.5,-78.5,1.4064516129032258,2020,12,31,43.6,Nariño
2021-01-01,-1.5,-78.5,2.7129032258064516,2021,1,31,84.1,Nariño
2021-02-01,-1.5,-78.5,3.682142857142857,2021,2,28,103.1,Nariño
2021-03-01,-1.5,-78.5,4.12258064516129,2021,3,31,127.8,Nariño
2021-04-01,-1.5,-78.5,4.21,2021,4,30,126.3,Nariño
2021-05-01,-1.5,-78.5,6.493548387096775,2021,5,31,201.3,Nariño
2021-06-01,-1.5,-78.5,5.046666666666667,2021,6,30,151.4,Nariño
2021-07-01,-1.5,-78.5,6.196774193548387,2021,7,31,192.1,Nariño
2021-08-01,-1.5,-78.5,3.5580645161290323,2021,8,31,110.3,Nariño
2021-09-01,-1.5,-78.5,3.503333333333333,2021,9,30,105.1,Nariño
2021-10-01,-1.5,-78.5,3.7806451612903227,2021,10,31,117.2,Nariño
2021-11-01,-1.5,-78.5,3.896666666666667,2021,11,30,116.9,Nariño
2021-12-01,-1.5,-78.5,2.3225806451612905,2021,12,31,72.0,Nariño
2022-01-01,-1.5,-78.5,2.041935483870968,2022,1,31,63.3,Nariño
2022-02-01,-1.5,-78.5,2.1285714285714286,2022,2,28,59.6,Nariño
2022-03-01,-1.5,-78.5,3.335483870967742,2022,3,31,103.4,Nariño
2022-04-01,-1.5,-78.5,5.236666666666666,2022,4,30,157.1,Nariño
2022-05-01,-1.5,-78.5,3.661290322580645,2022,5,31,113.5,Nariño
2022-06-01,-1.5,-78.5,4.706666666666666,2022,6,30,141.2,Nariño
2022-07-01,-1.5,-78.5,5.696774193548387,2022,7,31,176.6,Nariño
2022-08-01,-1.5,-78.5,5.080645161290323,2022,8,31,157.5,Nariño
2022-09-01,-1.5,-78.5,2.9233333333333333,2022,9,30,87.7,Nariño
2022-10-01,-1.5,-78.5,5.161290322580645,2022,10,31,160.0,Nariño
2022-11-01,-1.5,-78.5,4.733333333333333,2022,11,30,142.0,Nariño
2022-12-01,-1.5,-78.5,1.8322580645161293,2022,12,31,56.800000000000004,Nariño
2023-01-01,-1.5,-78.5,3.1870967741935483,2023,1,31,98.8,Nariño
2023-02-01,-1.5,-78.5,3.9535714285714287,2023,2,28,110.7,Nariño
2023-03-01,-1.5,-78.5,6.019354838709678,2023,3,31,186.6,Nariño
2023-04-01,-1.5,-78.5,5.64,2023,4,30,169.2,Nariño
2023-05-01,-1.5,-78.5,4.225806451612903,2023,5,31,131.0,Nariño
2023-06-01,-1.5,-78.5,5.463333333333334,2023,6,30,163.9,Nariño
2023-07-01,-1.5,-78.5,5.370967741935484,2023,7,31,166.5,Nariño
2023-08-01,-1.5,-78.5,2.638709677419355,2023,8,31,81.8,Nariño
2023-09-01,-1.5,-78.5,2.4733333333333336,2023,9,30,74.2,Nariño
2023-10-01,-1.5,-78.5,2.229032258064516,2023,10,31,69.1,Nariño
2023-11-01,-1.5,-78.5,2.3266666666666667,2023,11,30,69.8,Nariño
2023-12-01,-1.5,-78.5,3.148387096774193,2023,12,31,97.6,Nariño
2024-01-01,-1.5,-78.5,3.383870967741936,2024,1,31,104.9,Nariño
2024-02-01,-1.5,-78.5,6.103448275862069,2024,2,29,177.0,Nariño
2024-03-01,-1.5,-78.5,3.335483870967742,2024,3,31,103.4,Nariño
2024-04-01,-1.5,-78.5,3.5733333333333333,2024,4,30,107.2,Nariño
2024-05-01,-1.5,-78.5,4.77741935483871,2024,5,31,148.1,Nariño
2024-06-01,-1.5,-78.5,4.6066666666666665,2024,6,30,138.2,Nariño
2024-07-01,-1.5,-78.5,4.464516129032258,2024,7,31,138.4,Nariño
2024-08-01,-1.5,-78.5,2.074193548387097,2024,8,31,64.3,Nariño
2024-09-01,-1.5,-78.5,2.8400000000000003,2024,9,30,85.2,Nariño
2024-10-01,-1.5,-78.5,3.541935483870968,2024,10,31,109.8,Nariño
2024-11-01,-1.5,-78.5,1.28,2024,11,30,38.4,Nariño
2024-12-01,-1.5,-78.5,2.958064516129032,2024,12,31,91.7,Nariño
2018-01-01,-1.5,-77.5,8.90967741935484,2018,1,31,276.2,Nariño
2018-02-01,-1.5,-77.5,4.421428571428572,2018,2,28,123.8,Nariño
2018-03-01,-1.5,-77.5,7.270967741935484,2018,3,31,225.4,Nariño
2018-04-01,-1.5,-77.5,8.603333333333332,2018,4,30,258.09999999999997,Nariño
2018-05-01,-1.5,-77.5,7.358064516129032,2018,5,31,228.1,Nariño
2018-06-01,-1.5,-77.5,7.430000000000001,2018,6,30,222.9,Nariño
2018-07-01,-1.5,-77.5,6.82258064516129,2018,7,31,211.5,Nariño
2018-08-01,-1.5,-77.5,11.780645161290321,2018,8,31,365.2,Nariño
2018-09-01,-1.5,-77.5,7.986666666666666,2018,9,30,239.6,Nariño
2018-10-01,-1.5,-77.5,10.580645161290322,2018,10,31,328.0,Nariño
2018-11-01,-1.5,-77.5,12.843333333333334,2018,11,30,385.3,Nariño
2018-12-01,-1.5,-77.5,13.261290322580646,2018,12,31,411.1,Nariño
2019-01-01,-1.5,-77.5,13.938709677419356,2019,1,31,432.1,Nariño
2019-02-01,-1.5,-77.5,7.357142857142857,2019,2,28,206.0,Nariño
2019-03-01,-1.5,-77.5,13.058064516129033,2019,3,31,404.8,Nariño
2019-04-01,-1.5,-77.5,9.373333333333333,2019,4,30,281.2,Nariño
2019-05-01,-1.5,-77.5,13.02258064516129,2019,5,31,403.7,Nariño
2019-06-01,-1.5,-77.5,12.006666666666666,2019,6,30,360.2,Nariño
2019-07-01,-1.5,-77.5,9.899999999999999,2019,7,31,306.9,Nariño
2019-08-01,-1.5,-77.5,7.519354838709678,2019,8,31,233.1,Nariño
2019-09-01,-1.5,-77.5,6.25,2019,9,30,187.5,Nariño
2019-10-01,-1.5,-77.5,9.703225806451613,2019,10,31,300.8,Nariño
2019-11-01,-1.5,-77.5,9.96,2019,11,30,298.8,Nariño
2019-12-01,-1.5,-77.5,10.448387096774193,2019,12,31,323.9,Nariño
2020-01-01,-1.5,-77.5,6.7548387096774185,2020,1,31,209.39999999999998,Nariño
2020-02-01,-1.5,-77.5,6.572413793103448,2020,2,29,190.6,Nariño
2020-03-01,-1.5,-77.5,5.480645161290322,2020,3,31,169.9,Nariño
2020-04-01,-1.5,-77.5,8.770000000000001,2020,4,30,263.1,Nariño
2020-05-01,-1.5,-77.5,13.89032258064516,2020,5,31,430.59999999999997,Nariño
2020-06-01,-1.5,-77.5,10.22,2020,6,30,306.6,Nariño
2020-07-01,-1.5,-77.5,9.680645161290323,2020,7,31,300.1,Nariño
2020-08-01,-1.5,-77.5,3.358064516129032,2020,8,31,104.1,Nariño
2020-09-01,-1.5,-77.5,4.8533333333333335,2020,9,30,145.6,Nariño
2020-10-01,-1.5,-77.5,5.638709677419355,2020,10,31,174.8,Nariño
2020-11-01,-1.5,-77.5,5.6899999999999995,2020,11,30,170.7,Nariño
2020-12-01,-1.5,-77.5,10.106451612903227,2020,12,31,313.3,Nariño
2021-01-01,-1.5,-77.5,8.587096774193547,2021,1,31,266.2,Nariño
2021-02-01,-1.5,-77.5,7.882142857142857,2021,2,28,220.7,Nariño
2021-03-01,-1.5,-77.5,9.619354838709677,2021,3,31,298.2,Nariño
2021-04-01,-1.5,-77.5,9.546666666666665,2021,4,30,286.4,Nariño
2021-05-01,-1.5,-77.5,10.493548387096775,2021,5,31,325.3,Nariño
2021-06-01,-1.5,-77.5,9.506666666666666,2021,6,30,285.2,Nariño
2021-07-01,-1.5,-77.5,8.983870967741936,2021,7,31,278.5,Nariño
2021-08-01,-1.5,-77.5,4.625806451612903,2021,8,31,143.4,Nariño
2021-09-01,-1.5,-77.5,6.663333333333333,2021,9,30,199.9,Nariño
2021-10-01,-1.5,-77.5,9.567741935483872,2021,10,31,296.6,Nariño
2021-11-01,-1.5,-77.5,10.263333333333332,2021,11,30,307.9,Nariño
2021-12-01,-1.5,-77.5,11.212903225806452,2021,12,31,347.6,Nariño
2022-01-01,-1.5,-77.5,6.04516129032258,2022,1,31,187.4,Nariño
2022-02-01,-1.5,-77.5,6.046428571428571,2022,2,28,169.29999999999998,Nariño
2022-03-01,-1.5,-77.5,10.883870967741935,2022,3,31,337.4,Nariño
2022-04-01,-1.5,-77.5,10.313333333333333,2022,4,30,309.4,Nariño
2022-05-01,-1.5,-77.5,9.36774193548387,2022,5,31,290.4,Nariño
2022-06-01,-1.5,-77.5,9.513333333333332,2022,6,30,285.4,Nariño
2022-07-01,-1.5,-77.5,8.429032258064517,2022,7,31,261.3,Nariño
2022-08-01,-1.5,-77.5,5.674193548387097,2022,8,31,175.9,Nariño
2022-09-01,-1.5,-77.5,7.3100000000000005,2022,9,30,219.3,Nariño
2022-10-01,-1.5,-77.5,8.419354838709678,2022,10,31,261.0,Nariño
2022-11-01,-1.5,-77.5,7.723333333333334,2022,11,30,231.70000000000002,Nariño
2022-12-01,-1.5,-77.5,6.864516129032259,2022,12,31,212.8,Nariño
2023-01-01,-1.5,-77.5,8.03225806451613,2023,1,31,249.0,Nariño
2023-02-01,-1.5,-77.5,6.05,2023,2,28,169.4,Nariño
2023-03-01,-1.5,-77.5,9.687096774193549,2023,3,31,300.3,Nariño
2023-04-01,-1.5,-77.5,9.646666666666667,2023,4,30,289.4,Nariño
2023-05-01,-1.5,-77.5,14.374193548387098,2023,5,31,445.6,Nariño
2023-06-01,-1.5,-77.5,7.9366666666666665,2023,6,30,238.1,Nariño
2023-07-01,-1.5,-77.5,8.35483870967742,2023,7,31,259.0,Nariño
2023-08-01,-1.5,-77.5,5.199999999999999,2023,8,31,161.2,Nariño
2023-09-01,-1.5,-77.5,6.303333333333333,2023,9,30,189.1,Nariño
2023-10-01,-1.5,-77.5,7.048387096774194,2023,10,31,218.5,Nariño
2023-11-01,-1.5,-77.5,8.513333333333334,2023,11,30,255.4,Nariño
2023-12-01,-1.5,-77.5,11.393548387096773,2023,12,31,353.2,Nariño
2024-01-01,-1.5,-77.5,6.687096774193548,2024,1,31,207.29999999999998,Nariño
2024-02-01,-1.5,-77.5,11.955172413793104,2024,2,29,346.7,Nariño
2024-03-01,-1.5,-77.5,12.038709677419355,2024,3,31,373.2,Nariño
2024-04-01,-1.5,-77.5,11.973333333333333,2024,4,30,359.2,Nariño
2024-05-01,-1.5,-77.5,14.103225806451613,2024,5,31,437.2,Nariño
2024-06-01,-1.5,-77.5,10.336666666666668,2024,6,30,310.1,Nariño
2024-07-01,-1.5,-77.5,6.612903225806452,2024,7,31,205.0,Nariño
2024-08-01,-1.5,-77.5,4.761290322580645,2024,8,31,147.6,Nariño
2024-09-01,-1.5,-77.5,3.0933333333333333,2024,9,30,92.8,Nariño
2024-10-01,-1.5,-77.5,6.877419354838709,2024,10,31,213.2,Nariño
2024-11-01,-1.5,-77.5,6.98,2024,11,30,209.4,Nariño
2024-12-01,-1.5,-77.5,10.925806451612903,2024,12,31,338.7,Nariño
2018-01-01,-1.5,-76.5,7.906451612903226,2018,1,31,245.1,Nariño
2018-02-01,-1.5,-76.5,5.714285714285714,2018,2,28,160.0,Nariño
2018-03-01,-1.5,-76.5,8.729032258064517,2018,3,31,270.6,Nariño
2018-04-01,-1.5,-76.5,9.306666666666667,2018,4,30,279.2,Nariño
2018-05-01,-1.5,-76.5,9.812903225806451,2018,5,31,304.2,Nariño
2018-06-01,-1.5,-76.5,11.656666666666666,2018,6,30,349.7,Nariño
2018-07-01,-1.5,-76.5,5.941935483870967,2018,7,31,184.2,Nariño
2018-08-01,-1.5,-76.5,3.8806451612903223,2018,8,31,120.3,Nariño
2018-09-01,-1.5,-76.5,5.98,2018,9,30,179.4,Nariño
2018-10-01,-1.5,-76.5,8.09032258064516,2018,10,31,250.8,Nariño
2018-11-01,-1.5,-76.5,12.65,2018,11,30,379.5,Nariño
2018-12-01,-1.5,-76.5,12.003225806451614,2018,12,31,372.1,Nariño
2019-01-01,-1.5,-76.5,12.116129032258065,2019,1,31,375.6,Nariño
2019-02-01,-1.5,-76.5,12.896428571428572,2019,2,28,361.1,Nariño
2019-03-01,-1.5,-76.5,12.674193548387096,2019,3,31,392.9,Nariño
2019-04-01,-1.5,-76.5,13.073333333333332,2019,4,30,392.2,Nariño
2019-05-01,-1.5,-76.5,11.83548387096774,2019,5,31,366.9,Nariño
2019-06-01,-1.5,-76.5,10.283333333333333,2019,6,30,308.5,Nariño
2019-07-01,-1.5,-76.5,5.548387096774194,2019,7,31,172.0,Nariño
2019-08-01,-1.5,-76.5,3.4322580645161294,2019,8,31,106.4,Nariño
2019-09-01,-1.5,-76.5,4.293333333333334,2019,9,30,128.8,Nariño
2019-10-01,-1.5,-76.5,7.774193548387097,2019,10,31,241.0,Nariño
2019-11-01,-1.5,-76.5,8.979999999999999,2019,11,30,269.4,Nariño
2019-12-01,-1.5,-76.5,13.280645161290321,2019,12,31,411.7,Nariño
2020-01-01,-1.5,-76.5,6.351612903225806,2020,1,31,196.9,Nariño
2020-02-01,-1.5,-76.5,8.641379310344828,2020,2,29,250.6,Nariño
2020-03-01,-1.5,-76.5,8.006451612903225,2020,3,31,248.2,Nariño
2020-04-01,-1.5,-76.5,9.69,2020,4,30,290.7,Nariño
2020-05-01,-1.5,-76.5,9.780645161290321,2020,5,31,303.2,Nariño
2020-06-01,-1.5,-76.5,9.203333333333335,2020,6,30,276.1,Nariño
2020-07-01,-1.5,-76.5,7.651612903225806,2020,7,31,237.2,Nariño
2020-08-01,-1.5,-76.5,2.990322580645161,2020,8,31,92.7,Nariño
2020-09-01,-1.5,-76.5,5.276666666666667,2020,9,30,158.3,Nariño
2020-10-01,-1.5,-76.5,4.65483870967742,2020,10,31,144.3,Nariño
2020-11-01,-1.5,-76.5,8.860000000000001,2020,11,30,265.8,Nariño
2020-12-01,-1.5,-76.5,9.535483870967743,2020,12,31,295.6,Nariño
2021-01-01,-1.5,-76.5,7.812903225806451,2021,1,31,242.2,Nariño
2021-02-01,-1.5,-76.5,10.1,2021,2,28,282.8,Nariño
2021-03-01,-1.5,-76.5,9.870967741935484,2021,3,31,306.0,Nariño
2021-04-01,-1.5,-76.5,11.993333333333334,2021,4,30,359.8,Nariño
2021-05-01,-1.5,-76.5,13.203225806451613,2021,5,31,409.3,Nariño
2021-06-01,-1.5,-76.5,9.113333333333333,2021,6,30,273.4,Nariño
2021-07-01,-1.5,-76.5,6.4387096774193555,2021,7,31,199.60000000000002,Nariño
2021-08-01,-1.5,-76.5,5.854838709677419,2021,8,31,181.5,Nariño
2021-09-01,-1.5,-76.5,7.22,2021,9,30,216.6,Nariño
2021-10-01,-1.5,-76.5,10.609677419354838,2021,10,31,328.9,Nariño
2021-11-01,-1.5,-76.5,8.053333333333333,2021,11,30,241.6,Nariño
2021-12-01,-1.5,-76.5,11.109677419354838,2021,12,31,344.4,Nariño
2022-01-01,-1.5,-76.5,5.116129032258065,2022,1,31,158.6,Nariño
2022-02-01,-1.5,-76.5,8.460714285714285,2022,2,28,236.9,Nariño
2022-03-01,-1.5,-76.5,13.438709677419356,2022,3,31,416.6,Nariño
2022-04-01,-1.5,-76.5,11.893333333333334,2022,4,30,356.8,Nariño
2022-05-01,-1.5,-76.5,14.932258064516128,2022,5,31,462.9,Nariño
2022-06-01,-1.5,-76.5,10.486666666666668,2022,6,30,314.6,Nariño
2022-07-01,-1.5,-76.5,7.648387096774194,2022,7,31,237.1,Nariño
2022-08-01,-1.5,-76.5,7.216129032258064,2022,8,31,223.7,Nariño
2022-09-01,-1.5,-76.5,5.52,2022,9,30,165.6,Nariño
2022-10-01,-1.5,-76.5,8.558064516129033,2022,10,31,265.3,Nariño
2022-11-01,-1.5,-76.5,7.276666666666667,2022,11,30,218.3,Nariño
2022-12-01,-1.5,-76.5,4.580645161290323,2022,12,31,142.0,Nariño
2023-01-01,-1.5,-76.5,7.374193548387097,2023,1,31,228.6,Nariño
2023-02-01,-1.5,-76.5,7.914285714285714,2023,2,28,221.6,Nariño
2023-03-01,-1.5,-76.5,8.041935483870969,2023,3,31,249.3,Nariño
2023-04-01,-1.5,-76.5,10.176666666666668,2023,4,30,305.3,Nariño
2023-05-01,-1.5,-76.5,15.203225806451613,2023,5,31,471.3,Nariño
2023-06-01,-1.5,-76.5,7.433333333333334,2023,6,30,223.0,Nariño
2023-07-01,-1.5,-76.5,8.40967741935484,2023,7,31,260.7,Nariño
2023-08-01,-1.5,-76.5,6.106451612903226,2023,8,31,189.3,Nariño
2023-09-01,-1.5,-76.5,6.783333333333333,2023,9,30,203.5,Nariño
2023-10-01,-1.5,-76.5,8.138709677419355,2023,10,31,252.3,Nariño
2023-11-01,-1.5,-76.5,8.770000000000001,2023,11,30,263.1,Nariño
2023-12-01,-1.5,-76.5,12.793548387096775,2023,12,31,396.6,Nariño
2024-01-01,-1.5,-76.5,8.52258064516129,2024,1,31,264.2,Nariño
2024-02-01,-1.5,-76.5,11.56551724137931,2024,2,29,335.4,Nariño
2024-03-01,-1.5,-76.5,12.341935483870966,2024,3,31,382.59999999999997,Nariño
2024-04-01,-1.5,-76.5,10.006666666666666,2024,4,30,300.2,Nariño
2024-05-01,-1.5,-76.5,16.538709677419355,2024,5,31,512.7,Nariño
2024-06-01,-1.5,-76.5,13.8,2024,6,30,414.0,Nariño
2024-07-01,-1.5,-76.5,5.774193548387097,2024,7,31,179.0,Nariño
2024-08-01,-1.5,-76.5,3.7225806451612904,2024,8,31,115.4,Nariño
2024-09-01,-1.5,-76.5,2.4366666666666665,2024,9,30,73.1,Nariño
2024-10-01,-1.5,-76.5,7.803225806451613,2024,10,31,241.9,Nariño
2024-11-01,-1.5,-76.5,9.533333333333333,2024,11,30,286.0,Nariño
2024-12-01,-1.5,-76.5,9.280645161290321,2024,12,31,287.7,Nariño
2018-01-01,-0.5,-79.5,6.296774193548386,2018,1,31,195.2,Nariño
2018-02-01,-0.5,-79.5,13.803571428571429,2018,2,28,386.5,Nariño
2018-03-01,-0.5,-79.5,11.119354838709677,2018,3,31,344.7,Nariño
2018-04-01,-0.5,-79.5,8.386666666666667,2018,4,30,251.6,Nariño
2018-05-01,-0.5,-79.5,7.16774193548387,2018,5,31,222.2,Nariño
2018-06-01,-0.5,-79.5,2.08,2018,6,30,62.4,Nariño
2018-07-01,-0.5,-79.5,2.4838709677419355,2018,7,31,77.0,Nariño
2018-08-01,-0.5,-79.5,1.867741935483871,2018,8,31,57.9,Nariño
2018-09-01,-0.5,-79.5,1.43,2018,9,30,42.9,Nariño
2018-10-01,-0.5,-79.5,0.4032258064516129,2018,10,31,12.5,Nariño
2018-11-01,-0.5,-79.5,3.796666666666667,2018,11,30,113.9,Nariño
2018-12-01,-0.5,-79.5,15.329032258064515,2018,12,31,475.2,Nariño
2019-01-01,-0.5,-79.5,17.58709677419355,2019,1,31,545.2,Nariño
2019-02-01,-0.5,-79.5,20.664285714285715,2019,2,28,578.6,Nariño
2019-03-01,-0.5,-79.5,18.903225806451612,2019,3,31,586.0,Nariño
2019-04-01,-0.5,-79.5,17.263333333333332,2019,4,30,517.9,Nariño
2019-05-01,-0.5,-79.5,17.080645161290324,2019,5,31,529.5,Nariño
2019-06-01,-0.5,-79.5,5.796666666666667,2019,6,30,173.9,Nariño
2019-07-01,-0.5,-79.5,1.8903225806451613,2019,7,31,58.6,Nariño
2019-08-01,-0.5,-79.5,1.5870967741935484,2019,8,31,49.2,Nariño
2019-09-01,-0.5,-79.5,2.963333333333333,2019,9,30,88.89999999999999,Nariño
2019-10-01,-0.5,-79.5,3.3870967741935485,2019,10,31,105.0,Nariño
2019-11-01,-0.5,-79.5,4.35,2019,11,30,130.5,Nariño
2019-12-01,-0.5,-79.5,7.170967741935484,2019,12,31,222.3,Nariño
2020-01-01,-0.5,-79.5,11.661290322580646,2020,1,31,361.5,Nariño
2020-02-01,-0.5,-79.5,18.803448275862067,2020,2,29,545.3,Nariño
2020-03-01,-0.5,-79.5,14.612903225806452,2020,3,31,453.0,Nariño
2020-04-01,-0.5,-79.5,11.406666666666666,2020,4,30,342.2,Nariño
2020-05-01,-0.5,-79.5,4.12258064516129,2020,5,31,127.8,Nariño
2020-06-01,-0.5,-79.5,2.8333333333333335,2020,6,30,85.0,Nariño
2020-07-01,-0.5,-79.5,1.6516129032258065,2020,7,31,51.2,Nariño
2020-08-01,-0.5,-79.5,0.8451612903225806,2020,8,31,26.2,Nariño
2020-09-01,-0.5,-79.5,1.0333333333333334,2020,9,30,31.0,Nariño
2020-10-01,-0.5,-79.5,1.8709677419354838,2020,10,31,58.0,Nariño
2020-11-01,-0.5,-79.5,1.0466666666666666,2020,11,30,31.4,Nariño
2020-12-01,-0.5,-79.5,5.716129032258064,2020,12,31,177.2,Nariño
2021-01-01,-0.5,-79.5,21.67096774193548,2021,1,31,671.8,Nariño
2021-02-01,-0.5,-79.5,16.442857142857143,2021,2,28,460.4,Nariño
2021-03-01,-0.5,-79.5,12.441935483870967,2021,3,31,385.7,Nariño
2021-04-01,-0.5,-79.5,21.753333333333334,2021,4,30,652.6,Nariño
2021-05-01,-0.5,-79.5,8.006451612903225,2021,5,31,248.2,Nariño
2021-06-01,-0.5,-79.5,3.296666666666667,2021,6,30,98.9,Nariño
2021-07-01,-0.5,-79.5,1.032258064516129,2021,7,31,32.0,Nariño
2021-08-01,-0.5,-79.5,1.1387096774193548,2021,8,31,35.3,Nariño
2021-09-01,-0.5,-79.5,3.0133333333333336,2021,9,30,90.4,Nariño
2021-10-01,-0.5,-79.5,2.0161290322580645,2021,10,31,62.5,Nariño
2021-11-01,-0.5,-79.5,1.6966666666666665,2021,11,30,50.9,Nariño
2021-12-01,-0.5,-79.5,6.096774193548387,2021,12,31,189.0,Nariño
2022-01-01,-0.5,-79.5,12.399999999999999,2022,1,31,384.4,Nariño
2022-02-01,-0.5,-79.5,21.092857142857145,2022,2,28,590.6,Nariño
2022-03-01,-0.5,-79.5,33.725806451612904,2022,3,31,1045.5,Nariño
2022-04-01,-0.5,-79.5,18.173333333333336,2022,4,30,545.2,Nariño
2022-05-01,-0.5,-79.5,6.903225806451613,2022,5,31,214.0,Nariño
2022-06-01,-0.5,-79.5,3.1633333333333336,2022,6,30,94.9,Nariño
2022-07-01,-0.5,-79.5,1.4741935483870967,2022,7,31,45.699999999999996,Nariño
2022-08-01,-0.5,-79.5,1.4516129032258065,2022,8,31,45.0,Nariño
2022-09-01,-0.5,-79.5,0.9466666666666667,2022,9,30,28.4,Nariño
2022-10-01,-0.5,-79.5,0.5838709677419355,2022,10,31,18.1,Nariño
2022-11-01,-0.5,-79.5,0.8266666666666667,2022,11,30,24.8,Nariño
2022-12-01,-0.5,-79.5,3.1193548387096777,2022,12,31,96.7,Nariño
2023-01-01,-0.5,-79.5,10.348387096774195,2023,1,31,320.8,Nariño
2023-02-01,-0.5,-79.5,18.532142857142855,2023,2,28,518.9,Nariño
2023-03-01,-0.5,-79.5,21.39032258064516,2023,3,31,663.1,Nariño
2023-04-01,-0.5,-79.5,24.1,2023,4,30,723.0,Nariño
2023-05-01,-0.5,-79.5,20.719354838709677,2023,5,31,642.3,Nariño
2023-06-01,-0.5,-79.5,10.566666666666666,2023,6,30,317.0,Nariño
2023-07-01,-0.5,-79.5,9.567741935483872,2023,7,31,296.6,Nariño
2023-08-01,-0.5,-79.5,3.1838709677419352,2023,8,31,98.69999999999999,Nariño
2023-09-01,-0.5,-79.5,2.35,2023,9,30,70.5,Nariño
2023-10-01,-0.5,-79.5,10.406451612903224,2023,10,31,322.59999999999997,Nariño
2023-11-01,-0.5,-79.5,3.9733333333333336,2023,11,30,119.2,Nariño
2023-12-01,-0.5,-79.5,11.093548387096773,2023,12,31,343.9,Nariño
2024-01-01,-0.5,-79.5,16.45806451612903,2024,1,31,510.2,Nariño
2024-02-01,-0.5,-79.5,25.06206896551724,2024,2,29,726.8,Nariño
2024-03-01,-0.5,-79.5,13.361290322580645,2024,3,31,414.2,Nariño
2024-04-01,-0.5,-79.5,22.426666666666666,2024,4,30,672.8,Nariño
2024-05-01,-0.5,-79.5,10.383870967741935,2024,5,31,321.9,Nariño
2024-06-01,-0.5,-79.5,3.566666666666667,2024,6,30,107.0,Nariño
2024-07-01,-0.5,-79.5,1.6516129032258065,2024,7,31,51.2,Nariño
2024-08-01,-0.5,-79.5,0.7645161290322581,2024,8,31,23.7,Nariño
2024-09-01,-0.5,-79.5,0.24000000000000002,2024,9,30,7.2,Nariño
2024-10-01,-0.5,-79.5,0.5612903225806452,2024,10,31,17.4,Nariño
2024-11-01,-0.5,-79.5,0.28,2024,11,30,8.4,Nariño
2024-12-01,-0.5,-79.5,6.72258064516129,2024,12,31,208.4,Nariño
2018-01-01,-0.5,-78.5,5.567741935483871,2018,1,31,172.6,Nariño
2018-02-01,-0.5,-78.5,6.589285714285714,2018,2,28,184.5,Nariño
2018-03-01,-0.5,-78.5,4.774193548387097,2018,3,31,148.0,Nariño
2018-04-01,-0.5,-78.5,7.296666666666667,2018,4,30,218.9,Nariño
2018-05-01,-0.5,-78.5,8.441935483870967,2018,5,31,261.7,Nariño
2018-06-01,-0.5,-78.5,3.21,2018,6,30,96.3,Nariño
2018-07-01,-0.5,-78.5,2.232258064516129,2018,7,31,69.2,Nariño
2018-08-01,-0.5,-78.5,1.5193548387096774,2018,8,31,47.1,Nariño
2018-09-01,-0.5,-78.5,3.9866666666666664,2018,9,30,119.6,Nariño
2018-10-01,-0.5,-78.5,4.648387096774194,2018,10,31,144.1,Nariño
2018-11-01,-0.5,-78.5,7.173333333333334,2018,11,30,215.20000000000002,Nariño
2018-12-01,-0.5,-78.5,4.764516129032257,2018,12,31,147.7,Nariño
2019-01-01,-0.5,-78.5,5.270967741935484,2019,1,31,163.4,Nariño
2019-02-01,-0.5,-78.5,7.953571428571428,2019,2,28,222.7,Nariño
2019-03-01,-0.5,-78.5,8.180645161290322,2019,3,31,253.6,Nariño
2019-04-01,-0.5,-78.5,9.836666666666668,2019,4,30,295.1,Nariño
2019-05-01,-0.5,-78.5,6.219354838709678,2019,5,31,192.8,Nariño
2019-06-01,-0.5,-78.5,4.753333333333333,2019,6,30,142.6,Nariño
2019-07-01,-0.5,-78.5,1.9161290322580644,2019,7,31,59.4,Nariño
2019-08-01,-0.5,-78.5,1.2193548387096773,2019,8,31,37.8,Nariño
2019-09-01,-0.5,-78.5,2.6566666666666667,2019,9,30,79.7,Nariño
2019-10-01,-0.5,-78.5,7.548387096774194,2019,10,31,234.0,Nariño
2019-11-01,-0.5,-78.5,6.933333333333334,2019,11,30,208.0,Nariño
2019-12-01,-0.5,-78.5,7.219354838709677,2019,12,31,223.79999999999998,Nariño
2020-01-01,-0.5,-78.5,3.9870967741935486,2020,1,31,123.60000000000001,Nariño
2020-02-01,-0.5,-78.5,6.710344827586207,2020,2,29,194.6,Nariño
2020-03-01,-0.5,-78.5,9.72258064516129,2020,3,31,301.4,Nariño
2020-04-01,-0.5,-78.5,7.706666666666666,2020,4,30,231.2,Nariño
2020-05-01,-0.5,-78.5,6.577419354838709,2020,5,31,203.9,Nariño
2020-06-01,-0.5,-78.5,3.7233333333333336,2020,6,30,111.7,Nariño
2020-07-01,-0.5,-78.5,4.267741935483872,2020,7,31,132.3,Nariño
2020-08-01,-0.5,-78.5,3.954838709677419,2020,8,31,122.6,Nariño
2020-09-01,-0.5,-78.5,3.1733333333333333,2020,9,30,95.2,Nariño
2020-10-01,-0.5,-78.5,2.6870967741935483,2020,10,31,83.3,Nariño
2020-11-01,-0.5,-78.5,4.173333333333334,2020,11,30,125.2,Nariño
2020-12-01,-0.5,-78.5,6.725806451612903,2020,12,31,208.5,Nariño
2021-01-01,-0.5,-78.5,9.438709677419356,2021,1,31,292.6,Nariño
2021-02-01,-0.5,-78.5,6.396428571428571,2021,2,28,179.1,Nariño
2021-03-01,-0.5,-78.5,9.464516129032257,2021,3,31,293.4,Nariño
2021-04-01,-0.5,-78.5,10.243333333333334,2021,4,30,307.3,Nariño
2021-05-01,-0.5,-78.5,8.074193548387097,2021,5,31,250.29999999999998,Nariño
2021-06-01,-0.5,-78.5,7.846666666666667,2021,6,30,235.4,Nariño
2021-07-01,-0.5,-78.5,2.141935483870968,2021,7,31,66.4,Nariño
2021-08-01,-0.5,-78.5,3.367741935483871,2021,8,31,104.39999999999999,Nariño
2021-09-01,-0.5,-78.5,3.39,2021,9,30,101.7,Nariño
2021-10-01,-0.5,-78.5,8.148387096774194,2021,10,31,252.6,Nariño
2021-11-01,-0.5,-78.5,10.5,2021,11,30,315.0,Nariño
2021-12-01,-0.5,-78.5,9.238709677419354,2021,12,31,286.4,Nariño
2022-01-01,-0.5,-78.5,6.987096774193549,2022,1,31,216.6,Nariño
2022-02-01,-0.5,-78.5,9.875,2022,2,28,276.5,Nariño
2022-03-01,-0.5,-78.5,11.929032258064517,2022,3,31,369.8,Nariño
2022-04-01,-0.5,-78.5,9.416666666666666,2022,4,30,282.5,Nariño
2022-05-01,-0.5,-78.5,6.16774193548387,2022,5,31,191.2,Nariño
2022-06-01,-0.5,-78.5,7.466666666666667,2022,6,30,224.0,Nariño
2022-07-01,-0.5,-78.5,4.648387096774194,2022,7,31,144.1,Nariño
2022-08-01,-0.5,-78.5,2.164516129032258,2022,8,31,67.1,Nariño
2022-09-01,-0.5,-78.5,3.5900000000000003,2022,9,30,107.7,Nariño
2022-10-01,-0.5,-78.5,6.741935483870968,2022,10,31,209.0,Nariño
2022-11-01,-0.5,-78.5,4.29,2022,11,30,128.7,Nariño
2022-12-01,-0.5,-78.5,5.95483870967742,2022,12,31,184.6,Nariño
2023-01-01,-0.5,-78.5,7.435483870967742,2023,1,31,230.5,Nariño
2023-02-01,-0.5,-78.5,6.617857142857143,2023,2,28,185.3,Nariño
2023-03-01,-0.5,-78.5,10.92258064516129,2023,3,31,338.59999999999997,Nariño
2023-04-01,-0.5,-78.5,9.823333333333332,2023,4,30,294.7,Nariño
2023-05-01,-0.5,-78.5,5.961290322580646,2023,5,31,184.8,Nariño
2023-06-01,-0.5,-78.5,2.25,2023,6,30,67.5,Nariño
2023-07-01,-0.5,-78.5,2.435483870967742,2023,7,31,75.5,Nariño
2023-08-01,-0.5,-78.5,2.6774193548387095,2023,8,31,83.0,Nariño
2023-09-01,-0.5,-78.5,2.43,2023,9,30,72.9,Nariño
2023-10-01,-0.5,-78.5,6.370967741935484,2023,10,31,197.5,Nariño
2023-11-01,-0.5,-78.5,6.35,2023,11,30,190.5,Nariño
2023-12-01,-0.5,-78.5,8.98709677419355,2023,12,31,278.6,Nariño
2024-01-01,-0.5,-78.5,4.651612903225806,2024,1,31,144.2,Nariño
2024-02-01,-0.5,-78.5,8.744827586206897,2024,2,29,253.6,Nariño
2024-03-01,-0.5,-78.5,5.758064516129032,2024,3,31,178.5,Nariño
2024-04-01,-0.5,-78.5,9.183333333333334,2024,4,30,275.5,Nariño
2024-05-01,-0.5,-78.5,6.593548387096774,2024,5,31,204.4,Nariño
2024-06-01,-0.5,-78.5,4.513333333333334,2024,6,30,135.4,Nariño
2024-07-01,-0.5,-78.5,1.7032258064516128,2024,7,31,52.8,Nariño
2024-08-01,-0.5,-78.5,1.3,2024,8,31,40.300000000000004,Nariño
2024-09-01,-0.5,-78.5,1.9233333333333333,2024,9,30,57.7,Nariño
2024-10-01,-0.5,-78.5,6.261290322580645,2024,10,31,194.1,Nariño
2024-11-01,-0.5,-78.5,3.2733333333333334,2024,11,30,98.2,Nariño
2024-12-01,-0.5,-78.5,9.67741935483871,2024,12,31,300.0,Nariño
2018-01-01,-0.5,-77.5,7.390322580645161,2018,1,31,229.1,Nariño
2018-02-01,-0.5,-77.5,4.653571428571429,2018,2,28,130.3,Nariño
2018-03-01,-0.5,-77.5,5.65483870967742,2018,3,31,175.3,Nariño
2018-04-01,-0.5,-77.5,6.66,2018,4,30,199.8,Nariño
2018-05-01,-0.5,-77.5,10.925806451612903,2018,5,31,338.7,Nariño
2018-06-01,-0.5,-77.5,13.866666666666667,2018,6,30,416.0,Nariño
2018-07-01,-0.5,-77.5,10.093548387096773,2018,7,31,312.9,Nariño
2018-08-01,-0.5,-77.5,9.680645161290323,2018,8,31,300.1,Nariño
2018-09-01,-0.5,-77.5,4.306666666666667,2018,9,30,129.2,Nariño
2018-10-01,-0.5,-77.5,5.641935483870968,2018,10,31,174.9,Nariño
2018-11-01,-0.5,-77.5,7.326666666666667,2018,11,30,219.8,Nariño
2018-12-01,-0.5,-77.5,6.432258064516129,2018,12,31,199.4,Nariño
2019-01-01,-0.5,-77.5,12.19032258064516,2019,1,31,377.9,Nariño
2019-02-01,-0.5,-77.5,5.925,2019,2,28,165.9,Nariño
2019-03-01,-0.5,-77.5,5.548387096774194,2019,3,31,172.0,Nariño
2019-04-01,-0.5,-77.5,10.766666666666667,2019,4,30,323.0,Nariño
2019-05-01,-0.5,-77.5,9.270967741935483,2019,5,31,287.4,Nariño
2019-06-01,-0.5,-77.5,15.610000000000001,2019,6,30,468.3,Nariño
2019-07-01,-0.5,-77.5,14.174193548387098,2019,7,31,439.40000000000003,Nariño
2019-08-01,-0.5,-77.5,9.193548387096774,2019,8,31,285.0,Nariño
2019-09-01,-0.5,-77.5,3.603333333333333,2019,9,30,108.1,Nariño
2019-10-01,-0.5,-77.5,7.651612903225806,2019,10,31,237.2,Nariño
2019-11-01,-0.5,-77.5,7.3,2019,11,30,219.0,Nariño
2019-12-01,-0.5,-77.5,5.625806451612903,2019,12,31,174.4,Nariño
2020-01-01,-0.5,-77.5,6.974193548387096,2020,1,31,216.2,Nariño
2020-02-01,-0.5,-77.5,4.69655172413793,2020,2,29,136.2,Nariño
2020-03-01,-0.5,-77.5,7.229032258064516,2020,3,31,224.1,Nariño
2020-04-01,-0.5,-77.5,11.183333333333334,2020,4,30,335.5,Nariño
2020-05-01,-0.5,-77.5,12.990322580645161,2020,5,31,402.7,Nariño
2020-06-01,-0.5,-77.5,8.516666666666667,2020,6,30,255.5,Nariño
2020-07-01,-0.5,-77.5,3.9419354838709677,2020,7,31,122.2,Nariño
2020-08-01,-0.5,-77.5,3.0,2020,8,31,93.0,Nariño
2020-09-01,-0.5,-77.5,7.753333333333333,2020,9,30,232.6,Nariño
2020-10-01,-0.5,-77.5,4.480645161290322,2020,10,31,138.9,Nariño
2020-11-01,-0.5,-77.5,8.986666666666666,2020,11,30,269.59999999999997,Nariño
2020-12-01,-0.5,-77.5,8.935483870967742,2020,12,31,277.0,Nariño
2021-01-01,-0.5,-77.5,6.66774193548387,2021,1,31,206.7,Nariño
2021-02-01,-0.5,-77.5,10.082142857142857,2021,2,28,282.3,Nariño
2021-03-01,-0.5,-77.5,12.47741935483871,2021,3,31,386.8,Nariño
2021-04-01,-0.5,-77.5,9.046666666666665,2021,4,30,271.4,Nariño
2021-05-01,-0.5,-77.5,15.096774193548388,2021,5,31,468.0,Nariño
2021-06-01,-0.5,-77.5,11.716666666666667,2021,6,30,351.5,Nariño
2021-07-01,-0.5,-77.5,6.887096774193548,2021,7,31,213.5,Nariño
2021-08-01,-0.5,-77.5,4.035483870967742,2021,8,31,125.1,Nariño
2021-09-01,-0.5,-77.5,4.7733333333333325,2021,9,30,143.2,Nariño
2021-10-01,-0.5,-77.5,7.3193548387096765,2021,10,31,226.89999999999998,Nariño
2021-11-01,-0.5,-77.5,9.68,2021,11,30,290.4,Nariño
2021-12-01,-0.5,-77.5,6.406451612903226,2021,12,31,198.6,Nariño
2022-01-01,-0.5,-77.5,6.141935483870967,2022,1,31,190.39999999999998,Nariño
2022-02-01,-0.5,-77.5,6.682142857142857,2022,2,28,187.1,Nariño
2022-03-01,-0.5,-77.5,10.535483870967743,2022,3,31,326.6,Nariño
2022-04-01,-0.5,-77.5,8.07,2022,4,30,242.1,Nariño
2022-05-01,-0.5,-77.5,9.635483870967741,2022,5,31,298.7,Nariño
2022-06-01,-0.5,-77.5,8.32,2022,6,30,249.6,Nariño
2022-07-01,-0.5,-77.5,6.0354838709677425,2022,7,31,187.10000000000002,Nariño
2022-08-01,-0.5,-77.5,3.9193548387096775,2022,8,31,121.5,Nariño
2022-09-01,-0.5,-77.5,6.046666666666667,2022,9,30,181.4,Nariño
2022-10-01,-0.5,-77.5,7.561290322580645,2022,10,31,234.4,Nariño
2022-11-01,-0.5,-77.5,8.0,2022,11,30,240.0,Nariño
2022-12-01,-0.5,-77.5,4.590322580645162,2022,12,31,142.3,Nariño
2023-01-01,-0.5,-77.5,6.606451612903226,2023,1,31,204.8,Nariño
2023-02-01,-0.5,-77.5,3.1107142857142853,2023,2,28,87.1,Nariño
2023-03-01,-0.5,-77.5,10.051612903225807,2023,3,31,311.6,Nariño
2023-04-01,-0.5,-77.5,8.606666666666666,2023,4,30,258.2,Nariño
2023-05-01,-0.5,-77.5,8.27741935483871,2023,5,31,256.6,Nariño
2023-06-01,-0.5,-77.5,6.986666666666666,2023,6,30,209.6,Nariño
2023-07-01,-0.5,-77.5,6.367741935483871,2023,7,31,197.4,Nariño
2023-08-01,-0.5,-77.5,4.867741935483871,2023,8,31,150.9,Nariño
2023-09-01,-0.5,-77.5,2.996666666666667,2023,9,30,89.9,Nariño
2023-10-01,-0.5,-77.5,6.838709677419355,2023,10,31,212.0,Nariño
2023-11-01,-0.5,-77.5,7.233333333333333,2023,11,30,217.0,Nariño
2023-12-01,-0.5,-77.5,9.370967741935484,2023,12,31,290.5,Nariño
2024-01-01,-0.5,-77.5,4.661290322580645,2024,1,31,144.5,Nariño
2024-02-01,-0.5,-77.5,9.296551724137931,2024,2,29,269.6,Nariño
2024-03-01,-0.5,-77.5,7.225806451612903,2024,3,31,224.0,Nariño
2024-04-01,-0.5,-77.5,9.343333333333334,2024,4,30,280.3,Nariño
2024-05-01,-0.5,-77.5,12.86774193548387,2024,5,31,398.9,Nariño
2024-06-01,-0.5,-77.5,8.923333333333334,2024,6,30,267.7,Nariño
2024-07-01,-0.5,-77.5,5.893548387096774,2024,7,31,182.7,Nariño
2024-08-01,-0.5,-77.5,3.0161290322580645,2024,8,31,93.5,Nariño
2024-09-01,-0.5,-77.5,2.8066666666666666,2024,9,30,84.2,Nariño
2024-10-01,-0.5,-77.5,8.603225806451613,2024,10,31,266.7,Nariño
2024-11-01,-0.5,-77.5,7.680000000000001,2024,11,30,230.4,Nariño
2024-12-01,-0.5,-77.5,7.380645161290322,2024,12,31,228.79999999999998,Nariño
2018-01-01,-0.5,-76.5,7.961290322580646,2018,1,31,246.8,Nariño
2018-02-01,-0.5,-76.5,5.389285714285714,2018,2,28,150.9,Nariño
2018-03-01,-0.5,-76.5,11.958064516129031,2018,3,31,370.7,Nariño
2018-04-01,-0.5,-76.5,10.56,2018,4,30,316.8,Nariño
2018-05-01,-0.5,-76.5,14.63225806451613,2018,5,31,453.6,Nariño
2018-06-01,-0.5,-76.5,16.01,2018,6,30,480.3,Nariño
2018-07-01,-0.5,-76.5,10.725806451612904,2018,7,31,332.5,Nariño
2018-08-01,-0.5,-76.5,14.538709677419355,2018,8,31,450.7,Nariño
2018-09-01,-0.5,-76.5,7.633333333333334,2018,9,30,229.0,Nariño
2018-10-01,-0.5,-76.5,8.916129032258064,2018,10,31,276.4,Nariño
2018-11-01,-0.5,-76.5,11.639999999999999,2018,11,30,349.2,Nariño
2018-12-01,-0.5,-76.5,12.616129032258065,2018,12,31,391.1,Nariño
2019-01-01,-0.5,-76.5,12.258064516129032,2019,1,31,380.0,Nariño
2019-02-01,-0.5,-76.5,12.992857142857144,2019,2,28,363.8,Nariño
2019-03-01,-0.5,-76.5,14.074193548387097,2019,3,31,436.3,Nariño
2019-04-01,-0.5,-76.5,13.063333333333333,2019,4,30,391.9,Nariño
2019-05-01,-0.5,-76.5,14.293548387096774,2019,5,31,443.09999999999997,Nariño
2019-06-01,-0.5,-76.5,13.636666666666665,2019,6,30,409.09999999999997,Nariño
2019-07-01,-0.5,-76.5,9.170967741935485,2019,7,31,284.3,Nariño
2019-08-01,-0.5,-76.5,7.151612903225806,2019,8,31,221.7,Nariño
2019-09-01,-0.5,-76.5,5.756666666666666,2019,9,30,172.7,Nariño
2019-10-01,-0.5,-76.5,9.006451612903225,2019,10,31,279.2,Nariño
2019-11-01,-0.5,-76.5,8.996666666666666,2019,11,30,269.9,Nariño
2019-12-01,-0.5,-76.5,11.451612903225806,2019,12,31,355.0,Nariño
2020-01-01,-0.5,-76.5,7.377419354838709,2020,1,31,228.7,Nariño
2020-02-01,-0.5,-76.5,10.6,2020,2,29,307.4,Nariño
2020-03-01,-0.5,-76.5,8.258064516129032,2020,3,31,256.0,Nariño
2020-04-01,-0.5,-76.5,8.75,2020,4,30,262.5,Nariño
2020-05-01,-0.5,-76.5,12.370967741935484,2020,5,31,383.5,Nariño
2020-06-01,-0.5,-76.5,13.386666666666667,2020,6,30,401.6,Nariño
2020-07-01,-0.5,-76.5,9.858064516129033,2020,7,31,305.6,Nariño
2020-08-01,-0.5,-76.5,3.2193548387096773,2020,8,31,99.8,Nariño
2020-09-01,-0.5,-76.5,10.883333333333333,2020,9,30,326.5,Nariño
2020-10-01,-0.5,-76.5,5.419354838709677,2020,10,31,168.0,Nariño
2020-11-01,-0.5,-76.5,9.57,2020,11,30,287.1,Nariño
2020-12-01,-0.5,-76.5,11.183870967741935,2020,12,31,346.7,Nariño
2021-01-01,-0.5,-76.5,9.170967741935485,2021,1,31,284.3,Nariño
2021-02-01,-0.5,-76.5,7.235714285714286,2021,2,28,202.6,Nariño
2021-03-01,-0.5,-76.5,9.793548387096775,2021,3,31,303.6,Nariño
2021-04-01,-0.5,-76.5,13.436666666666667,2021,4,30,403.1,Nariño
2021-05-01,-0.5,-76.5,12.035483870967743,2021,5,31,373.1,Nariño
2021-06-01,-0.5,-76.5,14.68,2021,6,30,440.4,Nariño
2021-07-01,-0.5,-76.5,10.406451612903227,2021,7,31,322.6,Nariño
2021-08-01,-0.5,-76.5,5.812903225806451,2021,8,31,180.2,Nariño
2021-09-01,-0.5,-76.5,8.956666666666667,2021,9,30,268.7,Nariño
2021-10-01,-0.5,-76.5,9.964516129032257,2021,10,31,308.9,Nariño
2021-11-01,-0.5,-76.5,8.983333333333333,2021,11,30,269.5,Nariño
2021-12-01,-0.5,-76.5,9.245161290322581,2021,12,31,286.6,Nariño
2022-01-01,-0.5,-76.5,6.558064516129033,2022,1,31,203.3,Nariño
2022-02-01,-0.5,-76.5,8.860714285714286,2022,2,28,248.1,Nariño
2022-03-01,-0.5,-76.5,14.55483870967742,2022,3,31,451.2,Nariño
2022-04-01,-0.5,-76.5,11.713333333333333,2022,4,30,351.4,Nariño
2022-05-01,-0.5,-76.5,14.235483870967743,2022,5,31,441.3,Nariño
2022-06-01,-0.5,-76.5,12.2,2022,6,30,366.0,Nariño
2022-07-01,-0.5,-76.5,14.016129032258064,2022,7,31,434.5,Nariño
2022-08-01,-0.5,-76.5,8.058064516129033,2022,8,31,249.8,Nariño
2022-09-01,-0.5,-76.5,3.98,2022,9,30,119.4,Nariño
2022-10-01,-0.5,-76.5,7.861290322580645,2022,10,31,243.7,Nariño
2022-11-01,-0.5,-76.5,6.336666666666667,2022,11,30,190.1,Nariño
2022-12-01,-0.5,-76.5,2.6548387096774193,2022,12,31,82.3,Nariño
2023-01-01,-0.5,-76.5,7.6,2023,1,31,235.6,Nariño
2023-02-01,-0.5,-76.5,6.625,2023,2,28,185.5,Nariño
2023-03-01,-0.5,-76.5,12.396774193548387,2023,3,31,384.3,Nariño
2023-04-01,-0.5,-76.5,12.483333333333333,2023,4,30,374.5,Nariño
2023-05-01,-0.5,-76.5,17.719354838709677,2023,5,31,549.3,Nariño
2023-06-01,-0.5,-76.5,11.21,2023,6,30,336.3,Nariño
2023-07-01,-0.5,-76.5,10.396774193548387,2023,7,31,322.3,Nariño
2023-08-01,-0.5,-76.5,6.838709677419355,2023,8,31,212.0,Nariño
2023-09-01,-0.5,-76.5,5.726666666666666,2023,9,30,171.79999999999998,Nariño
2023-10-01,-0.5,-76.5,6.519354838709678,2023,10,31,202.1,Nariño
2023-11-01,-0.5,-76.5,11.933333333333334,2023,11,30,358.0,Nariño
2023-12-01,-0.5,-76.5,11.974193548387097,2023,12,31,371.2,Nariño
2024-01-01,-0.5,-76.5,8.380645161290323,2024,1,31,259.8,Nariño
2024-02-01,-0.5,-76.5,11.044827586206896,2024,2,29,320.3,Nariño
2024-03-01,-0.5,-76.5,9.616129032258065,2024,3,31,298.1,Nariño
2024-04-01,-0.5,-76.5,13.026666666666667,2024,4,30,390.8,Nariño
2024-05-01,-0.5,-76.5,17.961290322580645,2024,5,31,556.8,Nariño
2024-06-01,-0.5,-76.5,12.633333333333333,2024,6,30,379.0,Nariño
2024-07-01,-0.5,-76.5,8.154838709677419,2024,7,31,252.8,Nariño
2024-08-01,-0.5,-76.5,4.064516129032258,2024,8,31,126.0,Nariño
2024-09-01,-0.5,-76.5,3.94,2024,9,30,118.2,Nariño
2024-10-01,-0.5,-76.5,7.703225806451614,2024,10,31,238.8,Nariño
2024-11-01,-0.5,-76.5,10.596666666666666,2024,11,30,317.9,Nariño
2024-12-01,-0.5,-76.5,11.080645161290322,2024,12,31,343.5,Nariño
2018-01-01,0.5,-79.5,5.587096774193548,2018,1,31,173.2,Nariño
2018-02-01,0.5,-79.5,8.553571428571429,2018,2,28,239.5,Nariño
2018-03-01,0.5,-79.5,8.141935483870968,2018,3,31,252.4,Nariño
2018-04-01,0.5,-79.5,5.58,2018,4,30,167.4,Nariño
2018-05-01,0.5,-79.5,7.374193548387097,2018,5,31,228.6,Nariño
2018-06-01,0.5,-79.5,3.2633333333333336,2018,6,30,97.9,Nariño
2018-07-01,0.5,-79.5,4.245161290322581,2018,7,31,131.6,Nariño
2018-08-01,0.5,-79.5,3.6258064516129034,2018,8,31,112.4,Nariño
2018-09-01,0.5,-79.5,4.98,2018,9,30,149.4,Nariño
2018-10-01,0.5,-79.5,0.7612903225806452,2018,10,31,23.6,Nariño
2018-11-01,0.5,-79.5,3.94,2018,11,30,118.2,Nariño
2018-12-01,0.5,-79.5,12.64516129032258,2018,12,31,392.0,Nariño
2019-01-01,0.5,-79.5,13.980645161290322,2019,1,31,433.4,Nariño
2019-02-01,0.5,-79.5,12.703571428571427,2019,2,28,355.7,Nariño
2019-03-01,0.5,-79.5,9.5,2019,3,31,294.5,Nariño
2019-04-01,0.5,-79.5,7.203333333333333,2019,4,30,216.1,Nariño
2019-05-01,0.5,-79.5,12.86774193548387,2019,5,31,398.9,Nariño
2019-06-01,0.5,-79.5,5.989999999999999,2019,6,30,179.7,Nariño
2019-07-01,0.5,-79.5,3.6,2019,7,31,111.60000000000001,Nariño
2019-08-01,0.5,-79.5,1.9161290322580644,2019,8,31,59.4,Nariño
2019-09-01,0.5,-79.5,2.26,2019,9,30,67.8,Nariño
2019-10-01,0.5,-79.5,5.841935483870968,2019,10,31,181.1,Nariño
2019-11-01,0.5,-79.5,3.996666666666667,2019,11,30,119.9,Nariño
2019-12-01,0.5,-79.5,8.096774193548388,2019,12,31,251.0,Nariño
2020-01-01,0.5,-79.5,8.793548387096775,2020,1,31,272.6,Nariño
2020-02-01,0.5,-79.5,12.327586206896552,2020,2,29,357.5,Nariño
2020-03-01,0.5,-79.5,10.996774193548386,2020,3,31,340.9,Nariño
2020-04-01,0.5,-79.5,6.493333333333333,2020,4,30,194.79999999999998,Nariño
2020-05-01,0.5,-79.5,9.67741935483871,2020,5,31,300.0,Nariño
2020-06-01,0.5,-79.5,5.093333333333334,2020,6,30,152.8,Nariño
2020-07-01,0.5,-79.5,2.52258064516129,2020,7,31,78.2,Nariño
2020-08-01,0.5,-79.5,1.9548387096774194,2020,8,31,60.6,Nariño
2020-09-01,0.5,-79.5,2.9133333333333336,2020,9,30,87.4,Nariño
2020-10-01,0.5,-79.5,3.396774193548387,2020,10,31,105.3,Nariño
2020-11-01,0.5,-79.5,1.0966666666666667,2020,11,30,32.9,Nariño
2020-12-01,0.5,-79.5,8.654838709677419,2020,12,31,268.3,Nariño
2021-01-01,0.5,-79.5,17.30322580645161,2021,1,31,536.4,Nariño
2021-02-01,0.5,-79.5,19.282142857142855,2021,2,28,539.9,Nariño
2021-03-01,0.5,-79.5,16.383870967741938,2021,3,31,507.90000000000003,Nariño
2021-04-01,0.5,-79.5,14.143333333333334,2021,4,30,424.3,Nariño
2021-05-01,0.5,-79.5,7.225806451612903,2021,5,31,224.0,Nariño
2021-06-01,0.5,-79.5,5.626666666666667,2021,6,30,168.8,Nariño
2021-07-01,0.5,-79.5,1.7838709677419353,2021,7,31,55.3,Nariño
2021-08-01,0.5,-79.5,1.4967741935483871,2021,8,31,46.4,Nariño
2021-09-01,0.5,-79.5,3.6966666666666663,2021,9,30,110.89999999999999,Nariño
2021-10-01,0.5,-79.5,3.2451612903225806,2021,10,31,100.6,Nariño
2021-11-01,0.5,-79.5,2.2366666666666664,2021,11,30,67.1,Nariño
2021-12-01,0.5,-79.5,5.535483870967742,2021,12,31,171.6,Nariño
2022-01-01,0.5,-79.5,14.261290322580646,2022,1,31,442.1,Nariño
2022-02-01,0.5,-79.5,13.882142857142856,2022,2,28,388.7,Nariño
2022-03-01,0.5,-79.5,16.806451612903224,2022,3,31,521.0,Nariño
2022-04-01,0.5,-79.5,20.946666666666665,2022,4,30,628.4,Nariño
2022-05-01,0.5,-79.5,11.46774193548387,2022,5,31,355.5,Nariño
2022-06-01,0.5,-79.5,4.496666666666667,2022,6,30,134.9,Nariño
2022-07-01,0.5,-79.5,2.1258064516129034,2022,7,31,65.9,Nariño
2022-08-01,0.5,-79.5,1.2580645161290323,2022,8,31,39.0,Nariño
2022-09-01,0.5,-79.5,1.77,2022,9,30,53.1,Nariño
2022-10-01,0.5,-79.5,0.6838709677419355,2022,10,31,21.2,Nariño
2022-11-01,0.5,-79.5,1.2933333333333332,2022,11,30,38.8,Nariño
2022-12-01,0.5,-79.5,7.274193548387097,2022,12,31,225.5,Nariño
2023-01-01,0.5,-79.5,10.52258064516129,2023,1,31,326.2,Nariño
2023-02-01,0.5,-79.5,15.560714285714285,2023,2,28,435.7,Nariño
2023-03-01,0.5,-79.5,16.335483870967742,2023,3,31,506.4,Nariño
2023-04-01,0.5,-79.5,14.096666666666668,2023,4,30,422.90000000000003,Nariño
2023-05-01,0.5,-79.5,16.86774193548387,2023,5,31,522.9,Nariño
2023-06-01,0.5,-79.5,10.286666666666667,2023,6,30,308.6,Nariño
2023-07-01,0.5,-79.5,9.996774193548386,2023,7,31,309.9,Nariño
2023-08-01,0.5,-79.5,4.819354838709677,2023,8,31,149.4,Nariño
2023-09-01,0.5,-79.5,4.193333333333333,2023,9,30,125.8,Nariño
2023-10-01,0.5,-79.5,6.4,2023,10,31,198.4,Nariño
2023-11-01,0.5,-79.5,7.963333333333334,2023,11,30,238.9,Nariño
2023-12-01,0.5,-79.5,15.609677419354838,2023,12,31,483.9,Nariño
2024-01-01,0.5,-79.5,19.716129032258067,2024,1,31,611.2,Nariño
2024-02-01,0.5,-79.5,16.29655172413793,2024,2,29,472.59999999999997,Nariño
2024-03-01,0.5,-79.5,9.887096774193548,2024,3,31,306.5,Nariño
2024-04-01,0.5,-79.5,15.296666666666665,2024,4,30,458.9,Nariño
2024-05-01,0.5,-79.5,10.48709677419355,2024,5,31,325.1,Nariño
2024-06-01,0.5,-79.5,5.526666666666667,2024,6,30,165.8,Nariño
2024-07-01,0.5,-79.5,3.4612903225806453,2024,7,31,107.3,Nariño
2024-08-01,0.5,-79.5,1.4967741935483871,2024,8,31,46.4,Nariño
2024-09-01,0.5,-79.5,0.5333333333333333,2024,9,30,16.0,Nariño
2024-10-01,0.5,-79.5,1.5032258064516129,2024,10,31,46.6,Nariño
2024-11-01,0.5,-79.5,0.38,2024,11,30,11.4,Nariño
2024-12-01,0.5,-79.5,9.461290322580645,2024,12,31,293.3,Nariño
2018-01-01,0.5,-78.5,27.212903225806453,2018,1,31,843.6,Nariño
2018-02-01,0.5,-78.5,32.74285714285714,2018,2,28,916.8,Nariño
2018-03-01,0.5,-78.5,31.57741935483871,2018,3,31,978.9,Nariño
2018-04-01,0.5,-78.5,26.276666666666667,2018,4,30,788.3000000000001,Nariño
2018-05-01,0.5,-78.5,32.464516129032255,2018,5,31,1006.4,Nariño
2018-06-01,0.5,-78.5,32.53666666666667,2018,6,30,976.1,Nariño
2018-07-01,0.5,-78.5,27.648387096774194,2018,7,31,857.1,Nariño
2018-08-01,0.5,-78.5,22.96451612903226,2018,8,31,711.9,Nariño
2018-09-01,0.5,-78.5,28.986666666666668,2018,9,30,869.6,Nariño
2018-10-01,0.5,-78.5,17.700000000000003,2018,10,31,548.7,Nariño
2018-11-01,0.5,-78.5,43.483333333333334,2018,11,30,1304.5,Nariño
2018-12-01,0.5,-78.5,28.154838709677417,2018,12,31,872.8,Nariño
2019-01-01,0.5,-78.5,32.13225806451613,2019,1,31,996.1,Nariño
2019-02-01,0.5,-78.5,43.53214285714286,2019,2,28,1218.9,Nariño
2019-03-01,0.5,-78.5,39.60645161290322,2019,3,31,1227.8,Nariño
2019-04-01,0.5,-78.5,33.733333333333334,2019,4,30,1012.0,Nariño
2019-05-01,0.5,-78.5,31.741935483870968,2019,5,31,984.0,Nariño
2019-06-01,0.5,-78.5,29.883333333333333,2019,6,30,896.5,Nariño
2019-07-01,0.5,-78.5,28.19677419354839,2019,7,31,874.1,Nariño
2019-08-01,0.5,-78.5,25.08709677419355,2019,8,31,777.7,Nariño
2019-09-01,0.5,-78.5,27.91,2019,9,30,837.3,Nariño
2019-10-01,0.5,-78.5,38.57419354838709,2019,10,31,1195.8,Nariño
2019-11-01,0.5,-78.5,33.87,2019,11,30,1016.1,Nariño
2019-12-01,0.5,-78.5,38.12903225806452,2019,12,31,1182.0,Nariño
2020-01-01,0.5,-78.5,30.299999999999997,2020,1,31,939.3,Nariño
2020-02-01,0.5,-78.5,34.92413793103448,2020,2,29,1012.8,Nariño
2020-03-01,0.5,-78.5,33.10645161290322,2020,3,31,1026.3,Nariño
2020-04-01,0.5,-78.5,35.1,2020,4,30,1053.0,Nariño
2020-05-01,0.5,-78.5,32.52903225806452,2020,5,31,1008.4,Nariño
2020-06-01,0.5,-78.5,31.376666666666665,2020,6,30,941.3,Nariño
2020-07-01,0.5,-78.5,36.064516129032256,2020,7,31,1118.0,Nariño
2020-08-01,0.5,-78.5,24.974193548387095,2020,8,31,774.1999999999999,Nariño
2020-09-01,0.5,-78.5,34.18666666666666,2020,9,30,1025.6,Nariño
2020-10-01,0.5,-78.5,31.061290322580643,2020,10,31,962.9,Nariño
2020-11-01,0.5,-78.5,16.0,2020,11,30,480.0,Nariño
2020-12-01,0.5,-78.5,42.358064516129026,2020,12,31,1313.1,Nariño
2021-01-01,0.5,-78.5,35.5258064516129,2021,1,31,1101.3,Nariño
2021-02-01,0.5,-78.5,31.303571428571427,2021,2,28,876.5,Nariño
2021-03-01,0.5,-78.5,35.03225806451613,2021,3,31,1086.0,Nariño
2021-04-01,0.5,-78.5,39.41,2021,4,30,1182.3,Nariño
2021-05-01,0.5,-78.5,37.70967741935484,2021,5,31,1169.0,Nariño
2021-06-01,0.5,-78.5,30.003333333333334,2021,6,30,900.1,Nariño
2021-07-01,0.5,-78.5,28.335483870967742,2021,7,31,878.4,Nariño
2021-08-01,0.5,-78.5,30.848387096774193,2021,8,31,956.3,Nariño
2021-09-01,0.5,-78.5,34.986666666666665,2021,9,30,1049.6,Nariño
2021-10-01,0.5,-78.5,35.00645161290323,2021,10,31,1085.2,Nariño
2021-11-01,0.5,-78.5,39.516666666666666,2021,11,30,1185.5,Nariño
2021-12-01,0.5,-78.5,32.75806451612903,2021,12,31,1015.5,Nariño
2022-01-01,0.5,-78.5,33.229032258064514,2022,1,31,1030.1,Nariño
2022-02-01,0.5,-78.5,38.15,2022,2,28,1068.2,Nariño
2022-03-01,0.5,-78.5,45.145161290322584,2022,3,31,1399.5,Nariño
2022-04-01,0.5,-78.5,49.55333333333333,2022,4,30,1486.6,Nariño
2022-05-01,0.5,-78.5,45.39032258064516,2022,5,31,1407.1,Nariño
2022-06-01,0.5,-78.5,38.36333333333334,2022,6,30,1150.9,Nariño
2022-07-01,0.5,-78.5,31.24516129032258,2022,7,31,968.6,Nariño
2022-08-01,0.5,-78.5,26.45483870967742,2022,8,31,820.1,Nariño
2022-09-01,0.5,-78.5,32.656666666666666,2022,9,30,979.7,Nariño
2022-10-01,0.5,-78.5,32.041935483870965,2022,10,31,993.3,Nariño
2022-11-01,0.5,-78.5,23.073333333333334,2022,11,30,692.2,Nariño
2022-12-01,0.5,-78.5,35.26451612903226,2022,12,31,1093.2,Nariño
2023-01-01,0.5,-78.5,35.438709677419354,2023,1,31,1098.6,Nariño
2023-02-01,0.5,-78.5,34.11785714285714,2023,2,28,955.3,Nariño
2023-03-01,0.5,-78.5,31.39032258064516,2023,3,31,973.1,Nariño
2023-04-01,0.5,-78.5,37.026666666666664,2023,4,30,1110.8,Nariño
2023-05-01,0.5,-78.5,40.696774193548386,2023,5,31,1261.6,Nariño
2023-06-01,0.5,-78.5,26.88,2023,6,30,806.4,Nariño
2023-07-01,0.5,-78.5,20.92258064516129,2023,7,31,648.6,Nariño
2023-08-01,0.5,-78.5,22.293548387096774,2023,8,31,691.1,Nariño
2023-09-01,0.5,-78.5,23.653333333333332,2023,9,30,709.6,Nariño
2023-10-01,0.5,-78.5,24.916129032258063,2023,10,31,772.4,Nariño
2023-11-01,0.5,-78.5,29.013333333333332,2023,11,30,870.4,Nariño
2023-12-01,0.5,-78.5,35.15161290322581,2023,12,31,1089.7,Nariño
2024-01-01,0.5,-78.5,28.080645161290324,2024,1,31,870.5,Nariño
2024-02-01,0.5,-78.5,29.906896551724138,2024,2,29,867.3,Nariño
2024-03-01,0.5,-78.5,28.006451612903227,2024,3,31,868.2,Nariño
2024-04-01,0.5,-78.5,35.28666666666666,2024,4,30,1058.6,Nariño
2024-05-01,0.5,-78.5,34.03548387096774,2024,5,31,1055.1,Nariño
2024-06-01,0.5,-78.5,25.276666666666664,2024,6,30,758.3,Nariño
2024-07-01,0.5,-78.5,14.383870967741935,2024,7,31,445.9,Nariño
2024-08-01,0.5,-78.5,16.170967741935485,2024,8,31,501.3,Nariño
2024-09-01,0.5,-78.5,15.536666666666667,2024,9,30,466.1,Nariño
2024-10-01,0.5,-78.5,27.270967741935483,2024,10,31,845.4,Nariño
2024-11-01,0.5,-78.5,12.34,2024,11,30,370.2,Nariño
2024-12-01,0.5,-78.5,41.225806451612904,2024,12,31,1278.0,Nariño
2018-01-01,0.5,-77.5,13.16451612903226,2018,1,31,408.1,Nariño
2018-02-01,0.5,-77.5,14.782142857142857,2018,2,28,413.9,Nariño
2018-03-01,0.5,-77.5,9.535483870967743,2018,3,31,295.6,Nariño
2018-04-01,0.5,-77.5,20.043333333333333,2018,4,30,601.3,Nariño
2018-05-01,0.5,-77.5,27.34193548387097,2018,5,31,847.6,Nariño
2018-06-01,0.5,-77.5,45.09,2018,6,30,1352.7,Nariño
2018-07-01,0.5,-77.5,32.829032258064515,2018,7,31,1017.6999999999999,Nariño
2018-08-01,0.5,-77.5,26.93548387096774,2018,8,31,835.0,Nariño
2018-09-01,0.5,-77.5,13.71,2018,9,30,411.3,Nariño
2018-10-01,0.5,-77.5,11.361290322580645,2018,10,31,352.2,Nariño
2018-11-01,0.5,-77.5,15.139999999999999,2018,11,30,454.2,Nariño
2018-12-01,0.5,-77.5,15.390322580645162,2018,12,31,477.1,Nariño
2019-01-01,0.5,-77.5,18.567741935483873,2019,1,31,575.6,Nariño
2019-02-01,0.5,-77.5,16.489285714285714,2019,2,28,461.7,Nariño
2019-03-01,0.5,-77.5,19.30322580645161,2019,3,31,598.4,Nariño
2019-04-01,0.5,-77.5,20.029999999999998,2019,4,30,600.9,Nariño
2019-05-01,0.5,-77.5,23.761290322580646,2019,5,31,736.6,Nariño
2019-06-01,0.5,-77.5,50.82,2019,6,30,1524.6,Nariño
2019-07-01,0.5,-77.5,35.512903225806454,2019,7,31,1100.9,Nariño
2019-08-01,0.5,-77.5,24.0258064516129,2019,8,31,744.8,Nariño
2019-09-01,0.5,-77.5,10.646666666666667,2019,9,30,319.4,Nariño
2019-10-01,0.5,-77.5,11.419354838709678,2019,10,31,354.0,Nariño
2019-11-01,0.5,-77.5,10.623333333333333,2019,11,30,318.7,Nariño
2019-12-01,0.5,-77.5,16.34516129032258,2019,12,31,506.7,Nariño
2020-01-01,0.5,-77.5,19.89032258064516,2020,1,31,616.6,Nariño
2020-02-01,0.5,-77.5,11.362068965517242,2020,2,29,329.5,Nariño
2020-03-01,0.5,-77.5,13.803225806451612,2020,3,31,427.9,Nariño
2020-04-01,0.5,-77.5,17.43,2020,4,30,522.9,Nariño
2020-05-01,0.5,-77.5,32.26129032258065,2020,5,31,1000.1,Nariño
2020-06-01,0.5,-77.5,17.59,2020,6,30,527.7,Nariño
2020-07-01,0.5,-77.5,15.787096774193548,2020,7,31,489.4,Nariño
2020-08-01,0.5,-77.5,12.790322580645162,2020,8,31,396.5,Nariño
2020-09-01,0.5,-77.5,12.860000000000001,2020,9,30,385.8,Nariño
2020-10-01,0.5,-77.5,11.432258064516128,2020,10,31,354.4,Nariño
2020-11-01,0.5,-77.5,14.703333333333331,2020,11,30,441.09999999999997,Nariño
2020-12-01,0.5,-77.5,13.667741935483871,2020,12,31,423.7,Nariño
2021-01-01,0.5,-77.5,15.364516129032259,2021,1,31,476.3,Nariño
2021-02-01,0.5,-77.5,17.257142857142856,2021,2,28,483.2,Nariño
2021-03-01,0.5,-77.5,15.258064516129032,2021,3,31,473.0,Nariño
2021-04-01,0.5,-77.5,16.56,2021,4,30,496.8,Nariño
2021-05-01,0.5,-77.5,28.96451612903226,2021,5,31,897.9,Nariño
2021-06-01,0.5,-77.5,21.446666666666665,2021,6,30,643.4,Nariño
2021-07-01,0.5,-77.5,35.08064516129032,2021,7,31,1087.5,Nariño
2021-08-01,0.5,-77.5,17.374193548387098,2021,8,31,538.6,Nariño
2021-09-01,0.5,-77.5,10.576666666666666,2021,9,30,317.3,Nariño
2021-10-01,0.5,-77.5,9.02258064516129,2021,10,31,279.7,Nariño
2021-11-01,0.5,-77.5,13.42,2021,11,30,402.6,Nariño
2021-12-01,0.5,-77.5,13.061290322580644,2021,12,31,404.9,Nariño
2022-01-01,0.5,-77.5,11.264516129032257,2022,1,31,349.2,Nariño
2022-02-01,0.5,-77.5,12.189285714285715,2022,2,28,341.3,Nariño
2022-03-01,0.5,-77.5,11.458064516129031,2022,3,31,355.2,Nariño
2022-04-01,0.5,-77.5,14.533333333333333,2022,4,30,436.0,Nariño
2022-05-01,0.5,-77.5,18.509677419354837,2022,5,31,573.8,Nariño
2022-06-01,0.5,-77.5,13.319999999999999,2022,6,30,399.59999999999997,Nariño
2022-07-01,0.5,-77.5,13.62258064516129,2022,7,31,422.3,Nariño
2022-08-01,0.5,-77.5,11.496774193548386,2022,8,31,356.4,Nariño
2022-09-01,0.5,-77.5,8.66,2022,9,30,259.8,Nariño
2022-10-01,0.5,-77.5,11.596774193548388,2022,10,31,359.5,Nariño
2022-11-01,0.5,-77.5,9.276666666666667,2022,11,30,278.3,Nariño
2022-12-01,0.5,-77.5,10.938709677419356,2022,12,31,339.1,Nariño
2023-01-01,0.5,-77.5,8.712903225806452,2023,1,31,270.1,Nariño
2023-02-01,0.5,-77.5,12.185714285714285,2023,2,28,341.2,Nariño
2023-03-01,0.5,-77.5,18.85483870967742,2023,3,31,584.5,Nariño
2023-04-01,0.5,-77.5,11.533333333333333,2023,4,30,346.0,Nariño
2023-05-01,0.5,-77.5,18.106451612903225,2023,5,31,561.3,Nariño
2023-06-01,0.5,-77.5,25.86,2023,6,30,775.8,Nariño
2023-07-01,0.5,-77.5,16.83225806451613,2023,7,31,521.8,Nariño
2023-08-01,0.5,-77.5,12.09032258064516,2023,8,31,374.8,Nariño
2023-09-01,0.5,-77.5,8.263333333333334,2023,9,30,247.9,Nariño
2023-10-01,0.5,-77.5,7.980645161290322,2023,10,31,247.4,Nariño
2023-11-01,0.5,-77.5,12.453333333333331,2023,11,30,373.59999999999997,Nariño
2023-12-01,0.5,-77.5,11.219354838709679,2023,12,31,347.8,Nariño
2024-01-01,0.5,-77.5,10.7,2024,1,31,331.7,Nariño
2024-02-01,0.5,-77.5,11.779310344827588,2024,2,29,341.6,Nariño
2024-03-01,0.5,-77.5,10.906451612903227,2024,3,31,338.1,Nariño
2024-04-01,0.5,-77.5,12.313333333333333,2024,4,30,369.4,Nariño
2024-05-01,0.5,-77.5,20.325806451612905,2024,5,31,630.1,Nariño
2024-06-01,0.5,-77.5,17.473333333333336,2024,6,30,524.2,Nariño
2024-07-01,0.5,-77.5,19.825806451612905,2024,7,31,614.6,Nariño
2024-08-01,0.5,-77.5,6.529032258064516,2024,8,31,202.4,Nariño
2024-09-01,0.5,-77.5,6.180000000000001,2024,9,30,185.4,Nariño
2024-10-01,0.5,-77.5,6.587096774193548,2024,10,31,204.2,Nariño
2024-11-01,0.5,-77.5,7.31,2024,11,30,219.29999999999998,Nariño
2024-12-01,0.5,-77.5,13.796774193548387,2024,12,31,427.7,Nariño
2018-01-01,0.5,-76.5,9.241935483870968,2018,1,31,286.5,Nariño
2018-02-01,0.5,-76.5,4.457142857142857,2018,2,28,124.8,Nariño
2018-03-01,0.5,-76.5,9.432258064516128,2018,3,31,292.4,Nariño
2018-04-01,0.5,-76.5,12.25,2018,4,30,367.5,Nariño
2018-05-01,0.5,-76.5,17.648387096774194,2018,5,31,547.1,Nariño
2018-06-01,0.5,-76.5,13.266666666666667,2018,6,30,398.0,Nariño
2018-07-01,0.5,-76.5,12.6,2018,7,31,390.59999999999997,Nariño
2018-08-01,0.5,-76.5,11.990322580645161,2018,8,31,371.7,Nariño
2018-09-01,0.5,-76.5,7.483333333333333,2018,9,30,224.5,Nariño
2018-10-01,0.5,-76.5,11.05483870967742,2018,10,31,342.7,Nariño
2018-11-01,0.5,-76.5,13.47,2018,11,30,404.1,Nariño
2018-12-01,0.5,-76.5,10.283870967741937,2018,12,31,318.8,Nariño
2019-01-01,0.5,-76.5,11.016129032258064,2019,1,31,341.5,Nariño
2019-02-01,0.5,-76.5,9.50357142857143,2019,2,28,266.1,Nariño
2019-03-01,0.5,-76.5,10.083870967741936,2019,3,31,312.6,Nariño
2019-04-01,0.5,-76.5,12.186666666666667,2019,4,30,365.6,Nariño
2019-05-01,0.5,-76.5,13.348387096774195,2019,5,31,413.8,Nariño
2019-06-01,0.5,-76.5,16.369999999999997,2019,6,30,491.09999999999997,Nariño
2019-07-01,0.5,-76.5,10.951612903225806,2019,7,31,339.5,Nariño
2019-08-01,0.5,-76.5,6.845161290322581,2019,8,31,212.20000000000002,Nariño
2019-09-01,0.5,-76.5,5.553333333333333,2019,9,30,166.6,Nariño
2019-10-01,0.5,-76.5,10.261290322580646,2019,10,31,318.1,Nariño
2019-11-01,0.5,-76.5,10.573333333333332,2019,11,30,317.2,Nariño
2019-12-01,0.5,-76.5,9.98709677419355,2019,12,31,309.6,Nariño
2020-01-01,0.5,-76.5,3.7,2020,1,31,114.7,Nariño
2020-02-01,0.5,-76.5,6.517241379310345,2020,2,29,189.0,Nariño
2020-03-01,0.5,-76.5,5.409677419354838,2020,3,31,167.7,Nariño
2020-04-01,0.5,-76.5,6.296666666666667,2020,4,30,188.9,Nariño
2020-05-01,0.5,-76.5,12.616129032258065,2020,5,31,391.1,Nariño
2020-06-01,0.5,-76.5,7.859999999999999,2020,6,30,235.79999999999998,Nariño
2020-07-01,0.5,-76.5,4.274193548387097,2020,7,31,132.5,Nariño
2020-08-01,0.5,-76.5,4.441935483870967,2020,8,31,137.7,Nariño
2020-09-01,0.5,-76.5,6.25,2020,9,30,187.5,Nariño
2020-10-01,0.5,-76.5,3.858064516129032,2020,10,31,119.6,Nariño
2020-11-01,0.5,-76.5,7.8533333333333335,2020,11,30,235.6,Nariño
2020-12-01,0.5,-76.5,9.812903225806451,2020,12,31,304.2,Nariño
2021-01-01,0.5,-76.5,9.661290322580646,2021,1,31,299.5,Nariño
2021-02-01,0.5,-76.5,10.875,2021,2,28,304.5,Nariño
2021-03-01,0.5,-76.5,12.916129032258064,2021,3,31,400.4,Nariño
2021-04-01,0.5,-76.5,11.05,2021,4,30,331.5,Nariño
2021-05-01,0.5,-76.5,11.22258064516129,2021,5,31,347.9,Nariño
2021-06-01,0.5,-76.5,11.92,2021,6,30,357.6,Nariño
2021-07-01,0.5,-76.5,6.987096774193549,2021,7,31,216.6,Nariño
2021-08-01,0.5,-76.5,3.825806451612903,2021,8,31,118.6,Nariño
2021-09-01,0.5,-76.5,6.590000000000001,2021,9,30,197.70000000000002,Nariño
2021-10-01,0.5,-76.5,7.238709677419355,2021,10,31,224.4,Nariño
2021-11-01,0.5,-76.5,11.166666666666666,2021,11,30,335.0,Nariño
2021-12-01,0.5,-76.5,8.683870967741935,2021,12,31,269.2,Nariño
2022-01-01,0.5,-76.5,5.145161290322581,2022,1,31,159.5,Nariño
2022-02-01,0.5,-76.5,9.982142857142858,2022,2,28,279.5,Nariño
2022-03-01,0.5,-76.5,13.683870967741935,2022,3,31,424.2,Nariño
2022-04-01,0.5,-76.5,9.126666666666667,2022,4,30,273.8,Nariño
2022-05-01,0.5,-76.5,12.561290322580644,2022,5,31,389.4,Nariño
2022-06-01,0.5,-76.5,9.883333333333333,2022,6,30,296.5,Nariño
2022-07-01,0.5,-76.5,8.403225806451612,2022,7,31,260.5,Nariño
2022-08-01,0.5,-76.5,5.403225806451613,2022,8,31,167.5,Nariño
2022-09-01,0.5,-76.5,6.593333333333333,2022,9,30,197.79999999999998,Nariño
2022-10-01,0.5,-76.5,9.12258064516129,2022,10,31,282.8,Nariño
2022-11-01,0.5,-76.5,8.06,2022,11,30,241.8,Nariño
2022-12-01,0.5,-76.5,1.7645161290322582,2022,12,31,54.7,Nariño
2023-01-01,0.5,-76.5,5.467741935483871,2023,1,31,169.5,Nariño
2023-02-01,0.5,-76.5,4.235714285714286,2023,2,28,118.6,Nariño
2023-03-01,0.5,-76.5,10.251612903225807,2023,3,31,317.8,Nariño
2023-04-01,0.5,-76.5,10.666666666666666,2023,4,30,320.0,Nariño
2023-05-01,0.5,-76.5,12.5,2023,5,31,387.5,Nariño
2023-06-01,0.5,-76.5,6.286666666666666,2023,6,30,188.6,Nariño
2023-07-01,0.5,-76.5,8.745161290322581,2023,7,31,271.1,Nariño
2023-08-01,0.5,-76.5,5.674193548387097,2023,8,31,175.9,Nariño
2023-09-01,0.5,-76.5,7.466666666666667,2023,9,30,224.0,Nariño
2023-10-01,0.5,-76.5,7.751612903225807,2023,10,31,240.3,Nariño
2023-11-01,0.5,-76.5,11.656666666666666,2023,11,30,349.7,Nariño
2023-12-01,0.5,-76.5,16.706451612903226,2023,12,31,517.9,Nariño
2024-01-01,0.5,-76.5,7.093548387096774,2024,1,31,219.9,Nariño
2024-02-01,0.5,-76.5,11.889655172413793,2024,2,29,344.8,Nariño
2024-03-01,0.5,-76.5,9.35483870967742,2024,3,31,290.0,Nariño
2024-04-01,0.5,-76.5,17.62,2024,4,30,528.6,Nariño
2024-05-01,0.5,-76.5,15.519354838709678,2024,5,31,481.1,Nariño
2024-06-01,0.5,-76.5,13.276666666666667,2024,6,30,398.3,Nariño
2024-07-01,0.5,-76.5,6.516129032258065,2024,7,31,202.0,Nariño
2024-08-01,0.5,-76.5,2.6806451612903226,2024,8,31,83.1,Nariño
2024-09-01,0.5,-76.5,2.5366666666666666,2024,9,30,76.1,Nariño
2024-10-01,0.5,-76.5,7.241935483870968,2024,10,31,224.5,Nariño
2024-11-01,0.5,-76.5,9.373333333333333,2024,11,30,281.2,Nariño
2024-12-01,0.5,-76.5,12.064516129032258,2024,12,31,374.0,Nariño
2018-01-01,1.5,-79.5,5.096774193548387,2018,1,31,158.0,Nariño
2018-02-01,1.5,-79.5,10.285714285714286,2018,2,28,288.0,Nariño
2018-03-01,1.5,-79.5,8.570967741935483,2018,3,31,265.7,Nariño
2018-04-01,1.5,-79.5,3.393333333333333,2018,4,30,101.8,Nariño
2018-05-01,1.5,-79.5,8.03225806451613,2018,5,31,249.0,Nariño
2018-06-01,1.5,-79.5,2.8666666666666667,2018,6,30,86.0,Nariño
2018-07-01,1.5,-79.5,2.729032258064516,2018,7,31,84.6,Nariño
2018-08-01,1.5,-79.5,2.07741935483871,2018,8,31,64.4,Nariño
2018-09-01,1.5,-79.5,1.2733333333333334,2018,9,30,38.2,Nariño
2018-10-01,1.5,-79.5,0.5580645161290323,2018,10,31,17.3,Nariño
2018-11-01,1.5,-79.5,1.5033333333333334,2018,11,30,45.1,Nariño
2018-12-01,1.5,-79.5,13.019354838709678,2018,12,31,403.6,Nariño
2019-01-01,1.5,-79.5,8.5,2019,1,31,263.5,Nariño
2019-02-01,1.5,-79.5,5.417857142857144,2019,2,28,151.70000000000002,Nariño
2019-03-01,1.5,-79.5,4.651612903225806,2019,3,31,144.2,Nariño
2019-04-01,1.5,-79.5,7.430000000000001,2019,4,30,222.9,Nariño
2019-05-01,1.5,-79.5,6.790322580645161,2019,5,31,210.5,Nariño
2019-06-01,1.5,-79.5,14.013333333333332,2019,6,30,420.4,Nariño
2019-07-01,1.5,-79.5,4.948387096774193,2019,7,31,153.4,Nariño
2019-08-01,1.5,-79.5,1.3225806451612903,2019,8,31,41.0,Nariño
2019-09-01,1.5,-79.5,1.1866666666666668,2019,9,30,35.6,Nariño
2019-10-01,1.5,-79.5,2.9935483870967743,2019,10,31,92.8,Nariño
2019-11-01,1.5,-79.5,1.4466666666666665,2019,11,30,43.4,Nariño
2019-12-01,1.5,-79.5,2.0387096774193547,2019,12,31,63.2,Nariño
2020-01-01,1.5,-79.5,11.006451612903225,2020,1,31,341.2,Nariño
2020-02-01,1.5,-79.5,15.310344827586206,2020,2,29,444.0,Nariño
2020-03-01,1.5,-79.5,3.72258064516129,2020,3,31,115.39999999999999,Nariño
2020-04-01,1.5,-79.5,2.293333333333334,2020,4,30,68.80000000000001,Nariño
2020-05-01,1.5,-79.5,9.432258064516128,2020,5,31,292.4,Nariño
2020-06-01,1.5,-79.5,6.65,2020,6,30,199.5,Nariño
2020-07-01,1.5,-79.5,4.203225806451614,2020,7,31,130.3,Nariño
2020-08-01,1.5,-79.5,1.5225806451612904,2020,8,31,47.2,Nariño
2020-09-01,1.5,-79.5,1.4366666666666668,2020,9,30,43.1,Nariño
2020-10-01,1.5,-79.5,1.4064516129032258,2020,10,31,43.6,Nariño
2020-11-01,1.5,-79.5,0.6433333333333333,2020,11,30,19.3,Nariño
2020-12-01,1.5,-79.5,4.206451612903226,2020,12,31,130.4,Nariño
2021-01-01,1.5,-79.5,13.003225806451614,2021,1,31,403.1,Nariño
2021-02-01,1.5,-79.5,10.060714285714285,2021,2,28,281.7,Nariño
2021-03-01,1.5,-79.5,13.970967741935484,2021,3,31,433.09999999999997,Nariño
2021-04-01,1.5,-79.5,5.986666666666666,2021,4,30,179.6,Nariño
2021-05-01,1.5,-79.5,6.754838709677419,2021,5,31,209.4,Nariño
2021-06-01,1.5,-79.5,8.876666666666667,2021,6,30,266.3,Nariño
2021-07-01,1.5,-79.5,1.2032258064516128,2021,7,31,37.3,Nariño
2021-08-01,1.5,-79.5,1.9870967741935484,2021,8,31,61.6,Nariño
2021-09-01,1.5,-79.5,5.5,2021,9,30,165.0,Nariño
2021-10-01,1.5,-79.5,1.4225806451612903,2021,10,31,44.1,Nariño
2021-11-01,1.5,-79.5,2.25,2021,11,30,67.5,Nariño
2021-12-01,1.5,-79.5,2.864516129032258,2021,12,31,88.8,Nariño
2022-01-01,1.5,-79.5,7.248387096774193,2022,1,31,224.7,Nariño
2022-02-01,1.5,-79.5,12.214285714285714,2022,2,28,342.0,Nariño
2022-03-01,1.5,-79.5,5.470967741935484,2022,3,31,169.6,Nariño
2022-04-01,1.5,-79.5,10.906666666666666,2022,4,30,327.2,Nariño
2022-05-01,1.5,-79.5,10.80967741935484,2022,5,31,335.1,Nariño
2022-06-01,1.5,-79.5,7.073333333333333,2022,6,30,212.2,Nariño
2022-07-01,1.5,-79.5,1.8096774193548388,2022,7,31,56.1,Nariño
2022-08-01,1.5,-79.5,2.0806451612903225,2022,8,31,64.5,Nariño
2022-09-01,1.5,-79.5,0.9633333333333333,2022,9,30,28.9,Nariño
2022-10-01,1.5,-79.5,0.5612903225806453,2022,10,31,17.400000000000002,Nariño
2022-11-01,1.5,-79.5,0.9833333333333333,2022,11,30,29.5,Nariño
2022-12-01,1.5,-79.5,2.574193548387097,2022,12,31,79.8,Nariño
2023-01-01,1.5,-79.5,8.154838709677419,2023,1,31,252.79999999999998,Nariño
2023-02-01,1.5,-79.5,5.957142857142857,2023,2,28,166.8,Nariño
2023-03-01,1.5,-79.5,6.6,2023,3,31,204.6,Nariño
2023-04-01,1.5,-79.5,8.483333333333333,2023,4,30,254.5,Nariño
2023-05-01,1.5,-79.5,12.974193548387097,2023,5,31,402.2,Nariño
2023-06-01,1.5,-79.5,9.743333333333334,2023,6,30,292.3,Nariño
2023-07-01,1.5,-79.5,9.09032258064516,2023,7,31,281.8,Nariño
2023-08-01,1.5,-79.5,3.925806451612903,2023,8,31,121.7,Nariño
2023-09-01,1.5,-79.5,5.046666666666667,2023,9,30,151.4,Nariño
2023-10-01,1.5,-79.5,5.041935483870968,2023,10,31,156.3,Nariño
2023-11-01,1.5,-79.5,8.65,2023,11,30,259.5,Nariño
2023-12-01,1.5,-79.5,13.790322580645162,2023,12,31,427.5,Nariño
2024-01-01,1.5,-79.5,13.538709677419355,2024,1,31,419.7,Nariño
2024-02-01,1.5,-79.5,11.379310344827585,2024,2,29,330.0,Nariño
2024-03-01,1.5,-79.5,1.0741935483870966,2024,3,31,33.3,Nariño
2024-04-01,1.5,-79.5,6.08,2024,4,30,182.4,Nariño
2024-05-01,1.5,-79.5,8.32258064516129,2024,5,31,258.0,Nariño
2024-06-01,1.5,-79.5,5.333333333333333,2024,6,30,160.0,Nariño
2024-07-01,1.5,-79.5,3.0612903225806454,2024,7,31,94.9,Nariño
2024-08-01,1.5,-79.5,1.1838709677419355,2024,8,31,36.699999999999996,Nariño
2024-09-01,1.5,-79.5,0.45666666666666667,2024,9,30,13.7,Nariño
2024-10-01,1.5,-79.5,1.564516129032258,2024,10,31,48.5,Nariño
2024-11-01,1.5,-79.5,0.26999999999999996,2024,11,30,8.1,Nariño
2024-12-01,1.5,-79.5,2.129032258064516,2024,12,31,66.0,Nariño
2018-01-01,1.5,-78.5,8.316129032258065,2018,1,31,257.8,Nariño
2018-02-01,1.5,-78.5,11.903571428571428,2018,2,28,333.3,Nariño
2018-03-01,1.5,-78.5,5.245161290322581,2018,3,31,162.6,Nariño
2018-04-01,1.5,-78.5,13.879999999999999,2018,4,30,416.4,Nariño
2018-05-01,1.5,-78.5,12.78709677419355,2018,5,31,396.40000000000003,Nariño
2018-06-01,1.5,-78.5,9.34,2018,6,30,280.2,Nariño
2018-07-01,1.5,-78.5,13.612903225806452,2018,7,31,422.0,Nariño
2018-08-01,1.5,-78.5,8.96774193548387,2018,8,31,278.0,Nariño
2018-09-01,1.5,-78.5,6.433333333333334,2018,9,30,193.0,Nariño
2018-10-01,1.5,-78.5,4.445161290322581,2018,10,31,137.8,Nariño
2018-11-01,1.5,-78.5,9.93,2018,11,30,297.9,Nariño
2018-12-01,1.5,-78.5,12.403225806451612,2018,12,31,384.5,Nariño
2019-01-01,1.5,-78.5,12.745161290322581,2019,1,31,395.1,Nariño
2019-02-01,1.5,-78.5,11.799999999999999,2019,2,28,330.4,Nariño
2019-03-01,1.5,-78.5,14.787096774193548,2019,3,31,458.4,Nariño
2019-04-01,1.5,-78.5,13.556666666666667,2019,4,30,406.7,Nariño
2019-05-01,1.5,-78.5,31.112903225806452,2019,5,31,964.5,Nariño
2019-06-01,1.5,-78.5,13.023333333333333,2019,6,30,390.7,Nariño
2019-07-01,1.5,-78.5,10.687096774193549,2019,7,31,331.3,Nariño
2019-08-01,1.5,-78.5,7.699999999999999,2019,8,31,238.7,Nariño
2019-09-01,1.5,-78.5,7.473333333333333,2019,9,30,224.2,Nariño
2019-10-01,1.5,-78.5,15.109677419354838,2019,10,31,468.4,Nariño
2019-11-01,1.5,-78.5,9.423333333333334,2019,11,30,282.7,Nariño
2019-12-01,1.5,-78.5,10.248387096774193,2019,12,31,317.7,Nariño
2020-01-01,1.5,-78.5,8.52258064516129,2020,1,31,264.2,Nariño
2020-02-01,1.5,-78.5,11.99655172413793,2020,2,29,347.9,Nariño
2020-03-01,1.5,-78.5,7.161290322580645,2020,3,31,222.0,Nariño
2020-04-01,1.5,-78.5,12.853333333333333,2020,4,30,385.6,Nariño
2020-05-01,1.5,-78.5,19.11935483870968,2020,5,31,592.7,Nariño
2020-06-01,1.5,-78.5,15.526666666666667,2020,6,30,465.8,Nariño
2020-07-01,1.5,-78.5,9.719354838709679,2020,7,31,301.3,Nariño
2020-08-01,1.5,-78.5,4.216129032258064,2020,8,31,130.7,Nariño
2020-09-01,1.5,-78.5,6.803333333333333,2020,9,30,204.1,Nariño
2020-10-01,1.5,-78.5,6.112903225806452,2020,10,31,189.5,Nariño
2020-11-01,1.5,-78.5,3.3233333333333333,2020,11,30,99.7,Nariño
2020-12-01,1.5,-78.5,11.899999999999999,2020,12,31,368.9,Nariño
2021-01-01,1.5,-78.5,18.041935483870965,2021,1,31,559.3,Nariño
2021-02-01,1.5,-78.5,12.75,2021,2,28,357.0,Nariño
2021-03-01,1.5,-78.5,15.329032258064515,2021,3,31,475.2,Nariño
2021-04-01,1.5,-78.5,22.40666666666667,2021,4,30,672.2,Nariño
2021-05-01,1.5,-78.5,16.6,2021,5,31,514.6,Nariño
2021-06-01,1.5,-78.5,13.139999999999999,2021,6,30,394.2,Nariño
2021-07-01,1.5,-78.5,5.745161290322581,2021,7,31,178.1,Nariño
2021-08-01,1.5,-78.5,9.670967741935485,2021,8,31,299.8,Nariño
2021-09-01,1.5,-78.5,13.22,2021,9,30,396.6,Nariño
2021-10-01,1.5,-78.5,15.529032258064516,2021,10,31,481.40000000000003,Nariño
2021-11-01,1.5,-78.5,9.203333333333335,2021,11,30,276.1,Nariño
2021-12-01,1.5,-78.5,10.796774193548387,2021,12,31,334.7,Nariño
2022-01-01,1.5,-78.5,16.393548387096775,2022,1,31,508.2,Nariño
2022-02-01,1.5,-78.5,18.003571428571426,2022,2,28,504.09999999999997,Nariño
2022-03-01,1.5,-78.5,13.87741935483871,2022,3,31,430.2,Nariño
2022-04-01,1.5,-78.5,20.416666666666668,2022,4,30,612.5,Nariño
2022-05-01,1.5,-78.5,20.94516129032258,2022,5,31,649.3,Nariño
2022-06-01,1.5,-78.5,13.293333333333333,2022,6,30,398.8,Nariño
2022-07-01,1.5,-78.5,10.764516129032257,2022,7,31,333.7,Nariño
2022-08-01,1.5,-78.5,7.261290322580645,2022,8,31,225.1,Nariño
2022-09-01,1.5,-78.5,10.680000000000001,2022,9,30,320.40000000000003,Nariño
2022-10-01,1.5,-78.5,6.093548387096774,2022,10,31,188.9,Nariño
2022-11-01,1.5,-78.5,5.513333333333334,2022,11,30,165.4,Nariño
2022-12-01,1.5,-78.5,7.403225806451613,2022,12,31,229.5,Nariño
2023-01-01,1.5,-78.5,12.64516129032258,2023,1,31,392.0,Nariño
2023-02-01,1.5,-78.5,9.825000000000001,2023,2,28,275.1,Nariño
2023-03-01,1.5,-78.5,13.048387096774194,2023,3,31,404.5,Nariño
2023-04-01,1.5,-78.5,14.396666666666667,2023,4,30,431.9,Nariño
2023-05-01,1.5,-78.5,18.29032258064516,2023,5,31,567.0,Nariño
2023-06-01,1.5,-78.5,12.37,2023,6,30,371.09999999999997,Nariño
2023-07-01,1.5,-78.5,13.283870967741937,2023,7,31,411.8,Nariño
2023-08-01,1.5,-78.5,8.893548387096773,2023,8,31,275.7,Nariño
2023-09-01,1.5,-78.5,12.013333333333332,2023,9,30,360.4,Nariño
2023-10-01,1.5,-78.5,17.683870967741935,2023,10,31,548.2,Nariño
2023-11-01,1.5,-78.5,19.846666666666668,2023,11,30,595.4,Nariño
2023-12-01,1.5,-78.5,17.08709677419355,2023,12,31,529.7,Nariño
2024-01-01,1.5,-78.5,12.996774193548388,2024,1,31,402.90000000000003,Nariño
2024-02-01,1.5,-78.5,14.286206896551725,2024,2,29,414.3,Nariño
2024-03-01,1.5,-78.5,8.251612903225807,2024,3,31,255.8,Nariño
2024-04-01,1.5,-78.5,16.076666666666668,2024,4,30,482.3,Nariño
2024-05-01,1.5,-78.5,16.403225806451612,2024,5,31,508.5,Nariño
2024-06-01,1.5,-78.5,10.956666666666667,2024,6,30,328.7,Nariño
2024-07-01,1.5,-78.5,6.425806451612903,2024,7,31,199.2,Nariño
2024-08-01,1.5,-78.5,4.803225806451613,2024,8,31,148.9,Nariño
2024-09-01,1.5,-78.5,2.663333333333333,2024,9,30,79.89999999999999,Nariño
2024-10-01,1.5,-78.5,7.051612903225807,2024,10,31,218.6,Nariño
2024-11-01,1.5,-78.5,2.6566666666666667,2024,11,30,79.7,Nariño
2024-12-01,1.5,-78.5,9.083870967741936,2024,12,31,281.6,Nariño
2018-01-01,1.5,-77.5,15.129032258064516,2018,1,31,469.0,Nariño
2018-02-01,1.5,-77.5,24.88214285714286,2018,2,28,696.7,Nariño
2018-03-01,1.5,-77.5,9.270967741935484,2018,3,31,287.40000000000003,Nariño
2018-04-01,1.5,-77.5,17.01,2018,4,30,510.3,Nariño
2018-05-01,1.5,-77.5,7.338709677419355,2018,5,31,227.5,Nariño
2018-06-01,1.5,-77.5,0.8366666666666667,2018,6,30,25.1,Nariño
2018-07-01,1.5,-77.5,1.4870967741935481,2018,7,31,46.099999999999994,Nariño
2018-08-01,1.5,-77.5,0.9129032258064517,2018,8,31,28.3,Nariño
2018-09-01,1.5,-77.5,4.486666666666667,2018,9,30,134.60000000000002,Nariño
2018-10-01,1.5,-77.5,12.619354838709677,2018,10,31,391.2,Nariño
2018-11-01,1.5,-77.5,23.773333333333333,2018,11,30,713.2,Nariño
2018-12-01,1.5,-77.5,6.703225806451614,2018,12,31,207.8,Nariño
2019-01-01,1.5,-77.5,15.119354838709679,2019,1,31,468.70000000000005,Nariño
2019-02-01,1.5,-77.5,11.667857142857143,2019,2,28,326.7,Nariño
2019-03-01,1.5,-77.5,6.190322580645161,2019,3,31,191.9,Nariño
2019-04-01,1.5,-77.5,14.55,2019,4,30,436.5,Nariño
2019-05-01,1.5,-77.5,6.606451612903226,2019,5,31,204.8,Nariño
2019-06-01,1.5,-77.5,2.5866666666666664,2019,6,30,77.6,Nariño
2019-07-01,1.5,-77.5,0.864516129032258,2019,7,31,26.8,Nariño
2019-08-01,1.5,-77.5,0.1935483870967742,2019,8,31,6.0,Nariño
2019-09-01,1.5,-77.5,6.813333333333333,2019,9,30,204.39999999999998,Nariño
2019-10-01,1.5,-77.5,9.296774193548387,2019,10,31,288.2,Nariño
2019-11-01,1.5,-77.5,24.196666666666665,2019,11,30,725.9,Nariño
2019-12-01,1.5,-77.5,22.393548387096775,2019,12,31,694.2,Nariño
2020-01-01,1.5,-77.5,15.932258064516128,2020,1,31,493.9,Nariño
2020-02-01,1.5,-77.5,12.913793103448276,2020,2,29,374.5,Nariño
2020-03-01,1.5,-77.5,14.635483870967741,2020,3,31,453.7,Nariño
2020-04-01,1.5,-77.5,11.903333333333334,2020,4,30,357.1,Nariño
2020-05-01,1.5,-77.5,8.812903225806451,2020,5,31,273.2,Nariño
2020-06-01,1.5,-77.5,2.8699999999999997,2020,6,30,86.1,Nariño
2020-07-01,1.5,-77.5,1.8322580645161293,2020,7,31,56.800000000000004,Nariño
2020-08-01,1.5,-77.5,2.6548387096774193,2020,8,31,82.3,Nariño
2020-09-01,1.5,-77.5,3.5766666666666667,2020,9,30,107.3,Nariño
2020-10-01,1.5,-77.5,5.293548387096774,2020,10,31,164.1,Nariño
2020-11-01,1.5,-77.5,14.93,2020,11,30,447.9,Nariño
2020-12-01,1.5,-77.5,15.390322580645162,2020,12,31,477.1,Nariño
2021-01-01,1.5,-77.5,10.061290322580644,2021,1,31,311.9,Nariño
2021-02-01,1.5,-77.5,15.535714285714286,2021,2,28,435.0,Nariño
2021-03-01,1.5,-77.5,22.916129032258063,2021,3,31,710.4,Nariño
2021-04-01,1.5,-77.5,8.19,2021,4,30,245.7,Nariño
2021-05-01,1.5,-77.5,13.648387096774194,2021,5,31,423.1,Nariño
2021-06-01,1.5,-77.5,2.6266666666666665,2021,6,30,78.8,Nariño
2021-07-01,1.5,-77.5,0.5870967741935483,2021,7,31,18.2,Nariño
2021-08-01,1.5,-77.5,4.97741935483871,2021,8,31,154.3,Nariño
2021-09-01,1.5,-77.5,1.3099999999999998,2021,9,30,39.3,Nariño
2021-10-01,1.5,-77.5,8.66451612903226,2021,10,31,268.6,Nariño
2021-11-01,1.5,-77.5,26.55,2021,11,30,796.5,Nariño
2021-12-01,1.5,-77.5,20.32903225806452,2021,12,31,630.2,Nariño
2022-01-01,1.5,-77.5,25.993548387096773,2022,1,31,805.8,Nariño
2022-02-01,1.5,-77.5,22.54642857142857,2022,2,28,631.3,Nariño
2022-03-01,1.5,-77.5,24.164516129032258,2022,3,31,749.1,Nariño
2022-04-01,1.5,-77.5,19.62,2022,4,30,588.6,Nariño
2022-05-01,1.5,-77.5,5.464516129032258,2022,5,31,169.4,Nariño
2022-06-01,1.5,-77.5,9.71,2022,6,30,291.3,Nariño
2022-07-01,1.5,-77.5,1.5838709677419356,2022,7,31,49.1,Nariño
2022-08-01,1.5,-77.5,0.7645161290322581,2022,8,31,23.7,Nariño
2022-09-01,1.5,-77.5,2.4,2022,9,30,72.0,Nariño
2022-10-01,1.5,-77.5,18.067741935483873,2022,10,31,560.1,Nariño
2022-11-01,1.5,-77.5,21.03666666666667,2022,11,30,631.1,Nariño
2022-12-01,1.5,-77.5,19.383870967741935,2022,12,31,600.9,Nariño
2023-01-01,1.5,-77.5,14.700000000000001,2023,1,31,455.70000000000005,Nariño
2023-02-01,1.5,-77.5,3.460714285714286,2023,2,28,96.9,Nariño
2023-03-01,1.5,-77.5,23.83225806451613,2023,3,31,738.8,Nariño
2023-04-01,1.5,-77.5,19.316666666666666,2023,4,30,579.5,Nariño
2023-05-01,1.5,-77.5,8.02258064516129,2023,5,31,248.7,Nariño
2023-06-01,1.5,-77.5,0.48333333333333334,2023,6,30,14.5,Nariño
2023-07-01,1.5,-77.5,1.4838709677419355,2023,7,31,46.0,Nariño
2023-08-01,1.5,-77.5,6.958064516129032,2023,8,31,215.7,Nariño
2023-09-01,1.5,-77.5,1.24,2023,9,30,37.2,Nariño
2023-10-01,1.5,-77.5,15.196774193548386,2023,10,31,471.09999999999997,Nariño
2023-11-01,1.5,-77.5,20.209999999999997,2023,11,30,606.3,Nariño
2023-12-01,1.5,-77.5,18.46451612903226,2023,12,31,572.4,Nariño
2024-01-01,1.5,-77.5,8.635483870967741,2024,1,31,267.7,Nariño
2024-02-01,1.5,-77.5,14.106896551724137,2024,2,29,409.09999999999997,Nariño
2024-03-01,1.5,-77.5,14.261290322580646,2024,3,31,442.1,Nariño
2024-04-01,1.5,-77.5,18.983333333333334,2024,4,30,569.5,Nariño
2024-05-01,1.5,-77.5,6.358064516129032,2024,5,31,197.1,Nariño
2024-06-01,1.5,-77.5,6.27,2024,6,30,188.1,Nariño
2024-07-01,1.5,-77.5,1.167741935483871,2024,7,31,36.2,Nariño
2024-08-01,1.5,-77.5,0.7645161290322581,2024,8,31,23.7,Nariño
2024-09-01,1.5,-77.5,2.0366666666666666,2024,9,30,61.1,Nariño
2024-10-01,1.5,-77.5,8.941935483870967,2024,10,31,277.2,Nariño
2024-11-01,1.5,-77.5,15.046666666666665,2024,11,30,451.4,Nariño
2024-12-01,1.5,-77.5,23.74516129032258,2024,12,31,736.1,Nariño
2018-01-01,1.5,-76.5,12.874193548387098,2018,1,31,399.1,Nariño
2018-02-01,1.5,-76.5,11.710714285714285,2018,2,28,327.9,Nariño
2018-03-01,1.5,-76.5,10.27741935483871,2018,3,31,318.6,Nariño
2018-04-01,1.5,-76.5,12.680000000000001,2018,4,30,380.40000000000003,Nariño
2018-05-01,1.5,-76.5,19.0258064516129,2018,5,31,589.8,Nariño
2018-06-01,1.5,-76.5,28.15666666666667,2018,6,30,844.7,Nariño
2018-07-01,1.5,-76.5,19.148387096774194,2018,7,31,593.6,Nariño
2018-08-01,1.5,-76.5,14.183870967741935,2018,8,31,439.7,Nariño
2018-09-01,1.5,-76.5,10.306666666666667,2018,9,30,309.2,Nariño
2018-10-01,1.5,-76.5,9.63225806451613,2018,10,31,298.6,Nariño
2018-11-01,1.5,-76.5,14.716666666666667,2018,11,30,441.5,Nariño
2018-12-01,1.5,-76.5,15.14516129032258,2018,12,31,469.5,Nariño
2019-01-01,1.5,-76.5,15.941935483870967,2019,1,31,494.2,Nariño
2019-02-01,1.5,-76.5,17.95357142857143,2019,2,28,502.7,Nariño
2019-03-01,1.5,-76.5,15.516129032258064,2019,3,31,481.0,Nariño
2019-04-01,1.5,-76.5,16.136666666666667,2019,4,30,484.1,Nariño
2019-05-01,1.5,-76.5,18.46451612903226,2019,5,31,572.4,Nariño
2019-06-01,1.5,-76.5,23.263333333333332,2019,6,30,697.9,Nariño
2019-07-01,1.5,-76.5,17.664516129032258,2019,7,31,547.6,Nariño
2019-08-01,1.5,-76.5,10.87741935483871,2019,8,31,337.2,Nariño
2019-09-01,1.5,-76.5,7.36,2019,9,30,220.8,Nariño
2019-10-01,1.5,-76.5,12.051612903225807,2019,10,31,373.6,Nariño
2019-11-01,1.5,-76.5,15.103333333333333,2019,11,30,453.1,Nariño
2019-12-01,1.5,-76.5,17.23548387096774,2019,12,31,534.3,Nariño
2020-01-01,1.5,-76.5,11.790322580645162,2020,1,31,365.5,Nariño
2020-02-01,1.5,-76.5,12.072413793103449,2020,2,29,350.1,Nariño
2020-03-01,1.5,-76.5,14.051612903225807,2020,3,31,435.6,Nariño
2020-04-01,1.5,-76.5,11.379999999999999,2020,4,30,341.4,Nariño
2020-05-01,1.5,-76.5,22.061290322580643,2020,5,31,683.9,Nariño
2020-06-01,1.5,-76.5,14.463333333333333,2020,6,30,433.9,Nariño
2020-07-01,1.5,-76.5,9.80967741935484,2020,7,31,304.1,Nariño
2020-08-01,1.5,-76.5,9.97741935483871,2020,8,31,309.3,Nariño
2020-09-01,1.5,-76.5,7.583333333333333,2020,9,30,227.5,Nariño
2020-10-01,1.5,-76.5,5.148387096774194,2020,10,31,159.6,Nariño
2020-11-01,1.5,-76.5,9.639999999999999,2020,11,30,289.2,Nariño
2020-12-01,1.5,-76.5,16.183870967741935,2020,12,31,501.7,Nariño
2021-01-01,1.5,-76.5,17.37741935483871,2021,1,31,538.7,Nariño
2021-02-01,1.5,-76.5,16.75357142857143,2021,2,28,469.1,Nariño
2021-03-01,1.5,-76.5,14.061290322580646,2021,3,31,435.90000000000003,Nariño
2021-04-01,1.5,-76.5,14.486666666666668,2021,4,30,434.6,Nariño
2021-05-01,1.5,-76.5,19.774193548387096,2021,5,31,613.0,Nariño
2021-06-01,1.5,-76.5,17.316666666666666,2021,6,30,519.5,Nariño
2021-07-01,1.5,-76.5,20.93548387096774,2021,7,31,649.0,Nariño
2021-08-01,1.5,-76.5,10.67741935483871,2021,8,31,331.0,Nariño
2021-09-01,1.5,-76.5,8.333333333333334,2021,9,30,250.0,Nariño
2021-10-01,1.5,-76.5,12.548387096774194,2021,10,31,389.0,Nariño
2021-11-01,1.5,-76.5,17.266666666666666,2021,11,30,518.0,Nariño
2021-12-01,1.5,-76.5,18.13225806451613,2021,12,31,562.1,Nariño
2022-01-01,1.5,-76.5,11.100000000000001,2022,1,31,344.1,Nariño
2022-02-01,1.5,-76.5,17.310714285714287,2022,2,28,484.7,Nariño
2022-03-01,1.5,-76.5,16.335483870967742,2022,3,31,506.4,Nariño
2022-04-01,1.5,-76.5,14.976666666666667,2022,4,30,449.3,Nariño
2022-05-01,1.5,-76.5,15.496774193548386,2022,5,31,480.4,Nariño
2022-06-01,1.5,-76.5,15.03,2022,6,30,450.9,Nariño
2022-07-01,1.5,-76.5,10.583870967741936,2022,7,31,328.1,Nariño
2022-08-01,1.5,-76.5,8.783870967741937,2022,8,31,272.3,Nariño
2022-09-01,1.5,-76.5,7.526666666666667,2022,9,30,225.8,Nariño
2022-10-01,1.5,-76.5,12.17741935483871,2022,10,31,377.5,Nariño
2022-11-01,1.5,-76.5,8.79,2022,11,30,263.7,Nariño
2022-12-01,1.5,-76.5,10.383870967741935,2022,12,31,321.9,Nariño
2023-01-01,1.5,-76.5,12.583870967741936,2023,1,31,390.1,Nariño
2023-02-01,1.5,-76.5,13.342857142857143,2023,2,28,373.6,Nariño
2023-03-01,1.5,-76.5,16.474193548387095,2023,3,31,510.7,Nariño
2023-04-01,1.5,-76.5,9.816666666666666,2023,4,30,294.5,Nariño
2023-05-01,1.5,-76.5,14.538709677419355,2023,5,31,450.7,Nariño
2023-06-01,1.5,-76.5,10.666666666666666,2023,6,30,320.0,Nariño
2023-07-01,1.5,-76.5,8.912903225806453,2023,7,31,276.3,Nariño
2023-08-01,1.5,-76.5,7.54516129032258,2023,8,31,233.9,Nariño
2023-09-01,1.5,-76.5,5.446666666666667,2023,9,30,163.4,Nariño
2023-10-01,1.5,-76.5,7.251612903225807,2023,10,31,224.8,Nariño
2023-11-01,1.5,-76.5,11.753333333333334,2023,11,30,352.6,Nariño
2023-12-01,1.5,-76.5,14.119354838709677,2023,12,31,437.7,Nariño
2024-01-01,1.5,-76.5,8.496774193548386,2024,1,31,263.4,Nariño
2024-02-01,1.5,-76.5,13.324137931034482,2024,2,29,386.4,Nariño
2024-03-01,1.5,-76.5,10.016129032258064,2024,3,31,310.5,Nariño
2024-04-01,1.5,-76.5,12.97,2024,4,30,389.1,Nariño
2024-05-01,1.5,-76.5,18.90967741935484,2024,5,31,586.2,Nariño
2024-06-01,1.5,-76.5,13.496666666666666,2024,6,30,404.9,Nariño
2024-07-01,1.5,-76.5,8.351612903225806,2024,7,31,258.9,Nariño
2024-08-01,1.5,-76.5,5.812903225806451,2024,8,31,180.2,Nariño
2024-09-01,1.5,-76.5,3.56,2024,9,30,106.8,Nariño
2024-10-01,1.5,-76.5,9.419354838709678,2024,10,31,292.0,Nariño
2024-11-01,1.5,-76.5,9.973333333333333,2024,11,30,299.2,Nariño
2024-12-01,1.5,-76.5,17.903225806451612,2024,12,31,555.0,Nariño
